level,image_original,image_incorrect1,image_location1,image_incorrect2,image_location2,image_incorrect3,image_location3,image_incorrect4,image_location4,image_incorrect5,image_location5,image_incorrect6,image_location6,image_incorrect7,image_location7
1,1펭수_어린이집.webp,1펭수_1곰인형.webp,33x812,1펭수_2딸기.webp,984x249,1펭수_3깃발.webp,1748x610,1펭수_4그림.webp,2095x817,1펭수_5펭수 리본.webp,1805x1106,1펭수_6공.webp,1540x1610,1펭수_7펭수 뒤.webp,539x1372
2,2펭수_편의점.webp,2펭수_1물고기.webp,0x31,2펭수_2구름.webp,1170x243,2펭수_3칫솔.webp,1657x571,2펭수_4펭수 잠옷.webp,36x1051,2펭수_5해바라기.webp,1170x1013,2펭수_6꽃.webp,2272x1397,2펭수_7오리.webp,934x1327
3,3펭수_북극.webp,3펭수_1바나나.webp,469x115,3펭수_2눈.webp,1377x367,3펭수_3딸기쨈.webp,2115x869,3펭수_4펭수 턱받이.webp,209x1050,3펭수_5눈사람.webp,1131x1233,3펭수_6컵.webp,2139x1617,3펭수_7태엽 자동차.webp,735x1813
4,4펭수_캠핑.webp,4펭수_1별.webp,0x20,4펭수_2북극성.webp,2105x175,4펭수_3벌.webp,311x1025,4펭수_4빗.webp,667x1089,4펭수_5펭수 리본.webp,1586x855,4펭수_6펭수 모자.webp,1599x1263,4펭수_7수저.webp,905x1513
5,5펭수_할로윈.webp,5펭수_1열쇠.webp,939x229,5펭수_2창문.webp,2070x238,5펭수_3클로버.webp,1892x471,5펭수_4박쥐.webp,725x610,5펭수_5나무.webp,186x966,5펭수_6호박.webp,789x1322,5펭수_7장미.webp,1413x1695
6,6펭수_놀이터.webp,6펭수_1하트.webp,1597x253,6펭수_2구름.webp,2157x155,6펭수_3펭수_노란색.webp,1260x633,6펭수_4펭수_해바라기.webp,757x1243,6펭수_5모래성.webp,1003x1667,6펭수_6자동차.webp,1397x1495,6펭수_7사과.webp,2187x1569
7,7펭수_tv.webp,7펭수_1양말.webp,149x243,7펭수_2우체통.webp,183x953,7펭수_3사과.webp,1535x535,7펭수_4물고기.webp,1475x973,7펭수_5크레파스.webp,2057x775,7펭수_6리본.webp,1271x1373,7펭수_해바라기.webp,1495x1542
8,8펭수_바닷속.webp,8펭수_1거품.webp,953x155,8펭수_2작은 물고기들.webp,1649x395,8펭수_3케이크.webp,0x953,8펭수_4오리.webp,412x1249,8펭수_5해초.webp,2020x994,8펭수_6조개.webp,1296x1809,8펭수_7미역.webp,2078x1753
9,9펭수_바닷가 드라이브.webp,9펭수_1갈매기.webp,1815x0,9펭수_2구름.webp,83x723,9펭수_3얼굴.webp,577x905,9펭수_4야구공.webp,1017x989,9펭수_5음표.webp,1911x591,9펭수_6삽.webp,655x1797,9펭수_7바닥선.webp,1661x1705
10,10펭수_로봇.webp,10펭수_1안테나.webp,483x91,10펭수_2해바라기.webp,957x293,10펭수_3낙서.webp,1255x361,10펭수_4시계.webp,971x995,10펭수_5펭수_턱받이.webp,141x1243,10펭수_6어깨관절.webp,391x1757,10펭수_7로고.webp,1731x1845
11,11펭수_피아노.webp,11펭수_1별.webp,61x0,11펭수_2악보.webp,1163x236,11펭수_3마이크.webp,393x688,11펭수_4배경 오른쪽.webp,2112x632,11펭수_5배경 오른쪽아래.webp,1795x1245,11펭수_6펭수 다리.webp,831x1747,11펭수_7헤드셋 로고.webp,227x1435
12,12펭수_건물앞.webp,12펭수_1창문 소.webp,116x0,12펭수_2벽.webp,1352x442,12펭수_3눈.webp,46x1018,12펭수_4창문 대.webp,1319x987,12펭수_5펭수 턱받이.webp,490x1426,12펭수_6펭수 미역.webp,1526x1357,12펭수_7펭수 머리.webp,2189x1277
13,13펭수_버스.webp,13펭수_1달.webp,425x87,13펭수_2건물.webp,2127x253,13펭수_3버스_.webp,1609x669,13펭수_4펭수 노란 티셔츠.webp,1077x927,13펭수_5우산.webp,0x1091,13펭수_6버스 문.webp,857x1701,13펭수_7오리.webp,1707x1615
14,14펭수_기차.webp,14펭수_1리본.webp,955x301,14펭수_2철골.webp,2057x217,14펭수_3조종석.webp,398x754,14펭수_4좌석.webp,1501x926,14펭수_5좌석.webp,2190x973,14펭수_6양말.webp,293x1775,14펭수_7곰인형.webp,1732x1679
15,15펭수_공룡.webp,15펭수_1갈매기.webp,1556x59,15펭수_2펭수 해바라기.webp,0x481,15펭수_3오렌지.webp,752x757,15펭수_4야자수.webp,1744x989,15펭수_5모종삽.webp,1529x1297,15펭수_6테니스공.webp,897x1597,15펭수_7꽃.webp,457x1821
16,16펭수_달.webp,16펭수_1리본.webp,368x0,16펭수_2큰별.webp,1928x157,16펭수_3작은 별들.webp,0x545,16펭수_4열쇠.webp,528x970,16펭수_5장미.webp,1275x559,16펭수_6오리.webp,1423x1652,16펭수_7사탕.webp,1044x1741
17,17펭수_비행기.webp,17펭수_1루돌프.webp,367x93,17펭수_2헤그셋.webp,879x433,17펭수_3별.webp,1339x121,17펭수_4알파벳.webp,1611x213,17펭수_5구름.webp,1997x965,17펭수_6기구.webp,1595x1327,17펭수_7구름.webp,643x1617
18,18펭수_과자집.webp,18펭수_1프레첼.webp,1020x74,18펭수_2지붕.webp,1616x483,18펭수_3홍조.webp,540x689,18펭수_4딸기.webp,196x1029,18펭수_5계란초콜릿.webp,26x1413,18펭수_6롤케이크.webp,896x1467,18펭수_7비스켓.webp,2023x1197
19,19펭수_크리스마스.webp,19펭수_1모자.webp,1293x285,19펭수_2벽지.webp,2192x0,19펭수_3리본.webp,821x694,19펭수_4방울.webp,73x870,19펭수_5발.webp,402x1648,19펭수_6단추.webp,1205x1470,19펭수_7곰인형.webp,1765x1470
20,20펭수_등굣길.webp,20펭수_1선그라스.webp,279x259,20펭수_2건물 모서리.webp,1993x0,20펭수_3낙서.webp,1169x760,20펭수_4캔음료수.webp,505x1372,20펭수_5슬리퍼.webp,1003x1540,20펭수_6신발.webp,1757x1484,20펭수_7높은음자리.webp,2063x1156
21,21펭수_휴가.webp,21펭수_1구름.webp,1964x411,21펭수_2파인애플 무늬.webp,1017x726,21펭수_3꽃.webp,612x641,21펭수_4하트.webp,1029x1050,21펭수_5하트 무늬.webp,1786x1310,21펭수_6후드티.webp,915x1798,21펭수_7오른팔.webp,0x1476
22,22펭수_기차여행.webp,22펭수_1천장.webp,0x0,22펭수_2헤어.webp,759x401,22펭수_3줄무늬.webp,349x739,22펭수_4주머니.webp,615x1050,22펭수_5꽃.webp,1747x603,22펭수_6꽃무늬.webp,1260x1391,22펭수_7책.webp,1111x1881
23,23펭수_헬스장.webp,23펭수_1천장.webp,498x0,23펭수_2창문.webp,252x729,23펭수_3왼팔.webp,1785x899,23펭수_4바람개비.webp,2306x1159,23펭수_5바닥.webp,689x1650,23펭수_6옷무늬.webp,343x1659,23펭수_7아령.webp,2042x1910
24,24펭수_화성탐사.webp,24펭수_1로봇 머리.webp,1194x453,24펭수_2바위.webp,0x875,24펭수_3빵.webp,556x1219,24펭수_4낙서.webp,1382x1119,24펭수_5돌.webp,88x1767,24펭수_6풀.webp,957x1571,24펭수_7단추.webp,1976x1619
25,25펭수_코끼리꿈.webp,25펭수_1흰꽃.webp,1260x43,25펭수_2벌.webp,1834x99,25펭수_3코주름.webp,1673x659,25펭수_4꽃주름.webp,377x787,25펭수_5별.webp,89x953,25펭수_6노란꽃.webp,787x1629,25펭수_7피크닉가방.webp,1581x1653
26,26펭수_거실.webp,26펭수_1음표.webp,248x606,26펭수_2구름.webp,514x603,26펭수_3머리장식.webp,1349x695,26펭수_4별.webp,1819x729,26펭수_5아이스크림.webp,41x1699,26펭수_6책.webp,785x1290,26펭수_7치마주름.webp,1700x1573
27,27펭수_병원.webp,27펭수_1파티깃발.webp,0x0,27펭수_2기계.webp,702x741,27펭수_3폭죽.webp,1706x790,27펭수_4리본.webp,1440x1224,27펭수_5파인애플.webp,105x1450,27펭수_6고깔모자.webp,1858x1651,27펭수_7귤.webp,2218x1756
28,28펭수_거북이.webp,28펭수_1나뭇잎.webp,1955x61,28펭수_2거북이등 무늬.webp,1077x795,28펭수_3물방울.webp,425x837,28펭수_4물.webp,0x1591,28펭수_5병아리.webp,655x1497,28펭수_6무늬.webp,1260x1201,28펭수_7나무주름.webp,2269x1451
29,29펭수_겨울.webp,29펭수_1눈꽃 소.webp,601x155,29펭수_2눈꽃 대.webp,1699x169,29펭수_3목도리 주름.webp,399x971,29펭수_4붕어빵.webp,1883x839,29펭수_5스웨터.webp,2139x1153,29펭수_6물고기.webp,905x1703,29펭수_7물방울.webp,371x1745
30,30펭수_잡화점.webp,30펭수_1음표.webp,341x0,30펭수_2새.webp,1999x324,30펭수_3모서리.webp,1182x318,30펭수_4차양막.webp,0x788,30펭수_5사탕.webp,193x1432,30펭수_6베이비펭수.webp,1144x1373,30펭수_7선물상자.webp,2240x1613
31,31펭수_초승달.webp,31펭수_1하늘.webp,0x100,31펭수_2달.webp,1108x198,31펭수_3하늘.webp,2032x306,31펭수_4꽃.webp,1610x852,31펭수_5산.webp,422x940,31펭수_6모자.webp,1396x1346,31펭수_7무늬.webp,386x1662
32,32펭수_바다.webp,32펭수_1돌고래.webp,0x807,32펭수_2하트무늬.webp,427x957,32펭수_3파도.webp,1237x795,32펭수_4야자수.webp,2210x702,32펭수_5파도.webp,31x1707,32펭수_6옷무늬.webp,546x1795,32펭수_7튜브.webp,2114x1915
33,33펭수_신전.webp,33펭수_1구름.webp,0x35,33펭수_2신전 벽.webp,1216x394,33펭수_3신전 기둥.webp,1893x687,33펭수_4신전 바닥.webp,705x882,33펭수_5훈장.webp,2179x1303,33펭수_6무늬.webp,387x1362,33펭수_7벽.webp,180x1857
34,34펭수_배.webp,34펭수_1갈매기.webp,1947x116,34펭수_2상어옷.webp,1829x614,34펭수_3무지개.webp,665x797,34펭수_4창문.webp,474x1187,34펭수_5리본.webp,1215x1432,34펭수_6물결.webp,2251x1633,34펭수_7구명조끼.webp,792x1822
35,35펭수_이집트.webp,35펭수_1곰방대.webp,2183x181,35펭수_2풀.webp,847x349,35펭수_3구름.webp,245x653,35펭수_4꽃.webp,1437x659,35펭수_5깃털.webp,925x1251,35펭수_6벽.webp,1983x1669,35펭수_7연필.webp,573x1811
36,36펭수_태국.webp,36펭수_1탑.webp,1130x0,36펭수_2구름.webp,204x4,36펭수_3구름.webp,1700x374,36펭수_4지붕.webp,1240x840,36펭수_5우산.webp,1934x1282,36펭수_6기둥.webp,772x1378,36펭수_7꽃무늬.webp,1160x1656
37,37펭수_온천.webp,37펭수_1구름.webp,938x145,37펭수_2나무.webp,0x423,37펭수_3숲.webp,1564x677,37펭수_4물가.webp,1688x1061,37펭수_5물결.webp,722x1195,37펭수_6돌.webp,0x1663,37펭수_7꽃.webp,1309x1773
38,38펭수_동굴.webp,38펭수_1천장.webp,259x0,38펭수_2바위.webp,1153x665,38펭수_3벽.webp,1927x841,38펭수_4풀.webp,157x1052,38펭수_5바닥.webp,886x1372,38펭수_6카메라.webp,1389x1854,38펭수_7풀.webp,297x1741
39,39펭수_옥수수.webp,39펭수_1옥수수.webp,377x314,39펭수_2옥수수.webp,1215x82,39펭수_3옥수수.webp,2007x362,39펭수_4옥수수.webp,2086x1299,39펭수_5껍질.webp,1830x1744,39펭수_6껍질.webp,870x1136,39펭수_7옥수수.webp,300x1518
40,40펭수_레몬.webp,40펭수_1레몬.webp,0x740,40펭수_2레몬.webp,285x297,40펭수_3레몬.webp,857x913,40펭수_4잎사귀.webp,1631x125,40펭수_5잎사귀.webp,2217x1027,40펭수_6레몬.webp,1785x1479,40펭수_7레몬.webp,788x1731
41,41펭수_블루베리.webp,41펭수_1블루베리.webp,1260x97,41펭수_2블루벨리.webp,483x293,41펭수_3블루베리.webp,0x959,41펭수_4주머니.webp,743x1469,41펭수_5블루베리.webp,1303x1050,41펭수_6블루베리.webp,2029x1043,41펭수_7블루베리.webp,1981x1459
42,42펭수_호주캠핑.webp,42펭수_1나무.webp,2181x491,42펭수_2나무.webp,1209x761,42펭수_3산.webp,681x435,42펭수_4나무.webp,0x977,42펭수_5돌.webp,191x1669,42펭수_6바닥.webp,1141x1603,42펭수_7돌.webp,1993x1711
43,43펭수_우주.webp,43펭수_1모니터.webp,225x585,43펭수_2별무리.webp,935x463,43펭수_3콘솔.webp,1755x95,43펭수_4창문.webp,2049x719,43펭수_5그림자.webp,1345x1653,43펭수_6창문.webp,781x1435,43펭수_7전선.webp,0x1671
44,44펭수_소금사막.webp,44펭수_1구름.webp,187x0,44펭수_2바위.webp,1205x262,44펭수_3펭수.webp,181x916,44펭수_4산.webp,2188x822,44펭수_5바위.webp,1687x1185,44펭수_6그림자.webp,773x1643,44펭수_7그림자.webp,1775x1735
45,45펭수_물.webp,45펭수_1물방울.webp,599x0,45펭수_2아이스바.webp,2200x0,45펭수_3하트.webp,1459x775,45펭수_4물줄기.webp,555x969,45펭수_5가방.webp,2061x1125,45펭수_6물거품.webp,1487x1319,45펭수_7물줄기.webp,1013x1732
46,46펭수_꽃.webp,46펭수_1꽃망울.webp,577x41,46펭수_2꽃잎.webp,1649x147,46펭수_3꽃망울.webp,1260x639,46펭수_4꽃잎.webp,285x845,46펭수_5꽃잎.webp,2287x1195,46펭수_6꽃잎.webp,379x1515,46펭수_7꽃망울.webp,989x1737
47,47펭수_달탐사.webp,47펭수_1지구.webp,202x531,47펭수_2지구.webp,729x268,47펭수_3주머니.webp,606x1267,47펭수_4월면차.webp,1161x1056,47펭수_5달.webp,2041x1061,47펭수_6달.webp,1667x1727,47펭수_7달.webp,518x1824
48,48펭수_등대.webp,48펭수_1구름.webp,0x303,48펭수_2갈매기.webp,963x0,48펭수_3구름.webp,2181x473,48펭수_4물결.webp,2177x1228,48펭수_5파도.webp,1209x1238,48펭수_6돌.webp,581x1232,48펭수_7돌.webp,1853x1881
49,49펭수_산토리니.webp,49펭수_1물결.webp,0x939,49펭수_2절벽.webp,405x607,49펭수_3건물.webp,967x751,49펭수_4문.webp,2145x413,49펭수_5건물.webp,787x1181,49펭수_6난간.webp,313x1848,49펭수_7무늬.webp,1943x1746
50,50펭수_밤하늘.webp,50펭수_1별무리.webp,456x42,50펭수_2별무리.webp,1903x137,50펭수_3별무리.webp,1367x690,50펭수_4별무리.webp,505x717,50펭수_5나무.webp,0x1266,50펭수_6산능선.webp,824x1796,50펭수_7별무리.webp,2091x1406
51,51펭수_녹음실.webp,51펭수_1벽.webp,1723x123,51펭수_2창문.webp,2163x563,51펭수_3모니터.webp,1115x901,51펭수_4창문.webp,647x677,51펭수_5스피커.webp,97x1043,51펭수_6단추.webp,583x1947,51펭수_7바닥.webp,1665x1831
52,52펭수_들판.webp,52펭수_1구름.webp,0x129,52펭수_2구름.webp,1897x292,52펭수_3나무.webp,2109x763,52펭수_4나무.webp,1155x661,52펭수_5들판.webp,224x1007,52펭수_6꽃.webp,466x1453,52펭수_7꽃.webp,1211x1697
53,53펭수_설날.webp,53펭수_1나뭇가지.webp,2186x226,53펭수_2나뭇가지.webp,882x646,53펭수_3나뭇가지.webp,245x527,53펭수_4바닥.webp,508x1473,53펭수_5제기.webp,893x1602,53펭수_6바닥.webp,1633x1395,53펭수_7무늬.webp,2233x1152
54,54펭수_산장.webp,54펭수_1천장.webp,1939x0,54펭수_2산.webp,163x328,54펭수_3나무.webp,0x738,54펭수_4나무.webp,804x765,54펭수_5창문.webp,1835x866,54펭수_6돌.webp,1252x1657,54펭수_7돌.webp,249x1787
55,55펭수_순례길.webp,55펭수_1산.webp,0x209,55펭수_2산.webp,663x281,55펭수_3건물.webp,1735x257,55펭수_4나무.webp,0x649,55펭수_5꽃.webp,1656x850,55펭수_6풀.webp,270x1144,55펭수_7바닥.webp,792x1614
56,56펭수_수족관.webp,56펭수_1액자.webp,2173x245,56펭수_2산호초.webp,2207x567,56펭수_3물고기.webp,1123x881,56펭수_4물고기.webp,723x635,56펭수_5유리병.webp,0x417,56펭수_6치마.webp,491x1545,56펭수_7바닥.webp,1875x1699
57,57펭수_자동차 정비소.webp,57펭수_1벽.webp,1373x0,57펭수_2선반.webp,57x290,57펭수_3창문.webp,775x826,57펭수_4창문.webp,1989x740,57펭수_5자동차.webp,757x1408,57펭수_6바닥.webp,0x1882,57펭수_7양동이.webp,2231x1818
58,58펭수_팝콘.webp,58펭수_1별.webp,318x0,58펭수_2벽돌.webp,1938x0,58펭수_3간판.webp,1078x389,58펭수_4창문.webp,0x675,58펭수_5팝콘.webp,1748x1071,58펭수_6벽.webp,1090x1317,58펭수_7바닥.webp,0x1759
59,59펭수_나비.webp,59펭수_1별.webp,320x0,59펭수_2나비.webp,771x460,59펭수_3풀.webp,2x1527,59펭수_4튤립.webp,356x1546,59펭수_5클로버.webp,1297x1828,59펭수_6벌.webp,1484x1252,59펭수_7노란꽃.webp,2264x1564
60,60펭수_빨간망토.webp,60펭수_1새.webp,187x421,60펭수_2마차.webp,286x1267,60펭수_3버섯.webp,559x1636,60펭수_4달.webp,810x373,60펭수_5나무.webp,1311x1360,60펭수_6나무그루터기.webp,1848x1408,60펭수_7장미.webp,2105x1762
61,61펭수_꽃가게.webp,61펭수_1딸기.webp,150x1651,61펭수_2꽃.webp,219x739,61펭수_3펭수.webp,1101x1447,61펭수_4딸기.webp,1482x820,61펭수_5열매.webp,1611x0,61펭수_6과자.webp,1836x1660,61펭수_7딸기펭수.webp,1935x1192
62,62펭수_사탕.webp,62펭수_1화분.webp,570x1208,62펭수_2빙수.webp,1011x1683,62펭수_3사탕.webp,1191x135,62펭수_4술병.webp,1482x1464,62펭수_5알.webp,0x1704,62펭수_6나비.webp,1791x168,62펭수_7하트.webp,2146x1611
63,63펭수_눈썰매.webp,63펭수_1곤돌라.webp,0x417,63펭수_2통.webp,177x1191,63펭수_3눈사람.webp,927x1731,63펭수_4나무.webp,1035x501,63펭수_5눈덩이.webp,1662x984,63펭수_6풍선.webp,2211x30,63펭수_7삽.webp,2271x1092
64,64펭수_힙합.webp,64펭수_1달.webp,1638x48,64펭수_2음악소리.webp,1932x1440,64펭수_3스피커.webp,2268x1575,64펭수_4이퀄라이즈.webp,2271x129,64펭수_5별.webp,0x753,64펭수_6보드.webp,1386x1287,64펭수_7판.webp,1524x1812
65,65펭수_겨울.webp,65펭수_1펭수.webp,1854x1020,65펭수_2붕어빵.webp,0x1305,65펭수_3방울.webp,27x564,65펭수_4북극곰.webp,405x993,65펭수_5삽.webp,588x1245,65펭수_6티포트.webp,675x1866,65펭수_7바께스.webp,1380x1710
66,66펭수_요정마을.webp,66펭수_1유니콘.webp,2159x1131,66펭수_2펭수.webp,243x1290,66펭수_3새.webp,339x63,66펭수_4양.webp,430x516,66펭수_5방울.webp,456x1005,66펭수_6별달.webp,1092x0,66펭수_7낮잠펭수.webp,1848x630
67,67펭수_아가방.webp,67펭수_1장식.webp,2196x345,67펭수_2공.webp,249x24,67펭수_3로봇.webp,294x390,67펭수_4블럭.webp,426x885,67펭수_5기차.webp,657x1362,67펭수_6그림.webp,669x588,67펭수_7곰.webp,1602x375
68,68펭수_농장.webp,68펭수_1기타.webp,21x798,68펭수_2바구니.webp,330x1806,68펭수_3음표.webp,2159x1104,68펭수_4토끼.webp,1005x1218,68펭수_5펭수.webp,561x564,68펭수_6호박.webp,2325x690,68펭수_7집.webp,849x411
69,69펭수_핑크방.webp,69펭수_1공.webp,204x1641,69펭수_2돌고래.webp,1614x591,69펭수_3발레슈즈.webp,1203x1869,69펭수_4벽장식.webp,1089x252,69펭수_5음표.webp,2145x822,69펭수_6케익.webp,1203x1125,69펭수_7펭수.webp,375x801
70,70펭수_등산.webp,70펭수_1구름.webp,840x585,70펭수_2기구.webp,297x2139,70펭수_3여권.webp,2067x1542,70펭수_4자전거.webp,54x705,70펭수_5짐.webp,72x1722,70펭수_6펭수.webp,540x810,70펭수_7표지판.webp,1260x1434
71,71펭수_꿀잠.webp,71펭수_1별.webp,1068x903,71펭수_2슬리퍼.webp,663x1860,71펭수_3시계.webp,2193x1470,71펭수_4양말.webp,2172x606,71펭수_5원형.webp,948x1599,71펭수_6인형.webp,135x1569,71펭수_7젖병.webp,675x1470
72,72펭수_상어.webp,72펭수_1가리비.webp,2046x1644,72펭수_2공.webp,1074x324,72펭수_3물고기.webp,1788x33,72펭수_4바람개비.webp,873x1077,72펭수_5불가사리.webp,1980x432,72펭수_6소라.webp,912x1668,72펭수_7화분.webp,1284x1155
73,73펭수_해저보물.webp,73펭수_1나침반.webp,987x459,73펭수_2물고기.webp,1944x33,73펭수_3물고기.webp,243x1074,73펭수_4물안경.webp,1593x552,73펭수_5물총.webp,1536x1161,73펭수_6자물쇠.webp,882x1326,73펭수_7조개.webp,915x1857
74,74펭수_물놀이.webp,74펭수_1갈매기.webp,1329x18,74펭수_2공.webp,639x1143,74펭수_3모래.webp,2220x1326,74펭수_4섬.webp,1599x447,74펭수_5열매.webp,105x48,74펭수_6음료.webp,993x1422,74펭수_7튜브.webp,2136x507
75,75펭수_휴양지.webp,75펭수_1꽃.webp,1632x0,75펭수_2삽.webp,759x1758,75펭수_3아이스크림.webp,873x807,75펭수_4칵테일.webp,1476x1245,75펭수_5크림그릇.webp,1401x1614,75펭수_6튜브.webp,1212x1113,75펭수_7펭수.webp,48x852
76,76펭수_어린이집.webp,76펭수_1공룡인형.webp,1695x1200,76펭수_2낙서그림.webp,237x351,76펭수_3로봇센서.webp,231x1566,76펭수_4블럭.webp,2139x1134,76펭수_5액자그림.webp,1497x459,76펭수_6태엽.webp,1128x960,76펭수_7테니스공.webp,1602x1662
77,77펭수_아기침실.webp,77펭수_1등.webp,2025x24,77펭수_2무지개.webp,1059x630,77펭수_3별.webp,2169x342,77펭수_4별장식.webp,597x123,77펭수_5성.webp,54x798,77펭수_6펭수.webp,1959x1311,77펭수_7펭수.webp,1434x1167
78,78펭수_산림욕.webp,78펭수_1나무가지.webp,904x1005,78펭수_2뱀.webp,2227x489,78펭수_3버섯.webp,649x1620,78펭수_4수풀.webp,0x1317,78펭수_5잎.webp,754x81,78펭수_6잡초.webp,1720x1722,78펭수_7참새.webp,1426x0
79,79펭수_딸기.webp,79펭수_1꽃.webp,153x567,79펭수_2딸기.webp,51x90,79펭수_3딸기꼭지.webp,1773x1566,79펭수_4씨앗.webp,1533x411,79펭수_5씨앗.webp,336x1113,79펭수_6접시딸기.webp,870x588,79펭수_7펭수.webp,1713x1104
80,80펭수_딸기요정.webp,80펭수_1곰.webp,2094x1185,80펭수_2꼬리.webp,1968x849,80펭수_3딸기.webp,337x1830,80펭수_4머리.webp,468x687,80펭수_5발.webp,0x1230,80펭수_6잎.webp,633x246,80펭수_7접시딸기.webp,986x951
81,81펭수_케이크뷔페.webp,81펭수_1과자.webp,567x1335,81펭수_2롤리팝.webp,2028x87,81펭수_3사과.webp,1716x0,81펭수_4사탕.webp,288x625,81펭수_5아이스크림.webp,1578x1650,81펭수_6젤리빈.webp,1491x1078,81펭수_7큰사탕.webp,33x1638
82,82펭수_케이크요정.webp,82펭수_1글자장식.webp,1587x1638,82펭수_2꽃.webp,522x684,82펭수_3눈.webp,291x207,82펭수_4딸기.webp,939x888,82펭수_5젤리빈.webp,174x1737,82펭수_6케익.webp,1074x1656,82펭수_7크레커.webp,1413x561
83,83펭수_크리스마스.webp,83펭수_1리본.webp,2094x249,83펭수_2막대사탕.webp,1518x1227,83펭수_3별.webp,1374x231,83펭수_4액자.webp,1899x662,83펭수_5열매.webp,444x963,83펭수_6장식공.webp,1407x819,83펭수_7초.webp,393x525
84,84펭수_산타.webp,84펭수_1눈사람.webp,2016x1752,84펭수_2모자끝.webp,624x417,84펭수_3방울.webp,1596x1074,84펭수_4별.webp,978x285,84펭수_5스케이트.webp,834x1935,84펭수_6양말.webp,42x720,84펭수_7잎.webp,2229x1167
85,85펭수_과일.webp,85펭수_1레몬.webp,2004x1386,85펭수_2열매.webp,402x1365,85펭수_3옷무늬.webp,99x597,85펭수_4코코넛.webp,228x1728,85펭수_5하트.webp,2346x261,85펭수_6해드폰.webp,570x129,85펭수_7허리.webp,1908x765
86,86펭수_미술관.webp,86펭수_1각인.webp,2025x0,86펭수_2단추.webp,1353x1746,86펭수_3머리핀.webp,1533x1266,86펭수_4붓.webp,2124x1920,86펭수_5액자.webp,144x615,86펭수_6응원봉.webp,576x1011,86펭수_7펜.webp,969x1467
87,87펭수_화가.webp,87펭수_1꽃.webp,1170x1153,87펭수_2못자국.webp,1603x1114,87펭수_3물감.webp,553x1465,87펭수_4물감.webp,2017x1462,87펭수_5붓.webp,157x787,87펭수_6창문.webp,847x364,87펭수_7큰붓.webp,889x1483
88,1펭수_어린이집.webp,1펭수_1곰인형.webp,33x812,1펭수_2딸기.webp,984x249,1펭수_3깃발.webp,1748x610,1펭수_4그림.webp,2095x817,1펭수_5펭수 리본.webp,1805x1106,1펭수_6공.webp,1540x1610,1펭수_7펭수 뒤.webp,539x1372
89,2펭수_편의점.webp,2펭수_1물고기.webp,0x31,2펭수_2구름.webp,1170x243,2펭수_3칫솔.webp,1657x571,2펭수_4펭수 잠옷.webp,36x1051,2펭수_5해바라기.webp,1170x1013,2펭수_6꽃.webp,2272x1397,2펭수_7오리.webp,934x1327
90,3펭수_북극.webp,3펭수_1바나나.webp,469x115,3펭수_2눈.webp,1377x367,3펭수_3딸기쨈.webp,2115x869,3펭수_4펭수 턱받이.webp,209x1050,3펭수_5눈사람.webp,1131x1233,3펭수_6컵.webp,2139x1617,3펭수_7태엽 자동차.webp,735x1813
91,4펭수_캠핑.webp,4펭수_1별.webp,0x20,4펭수_2북극성.webp,2105x175,4펭수_3벌.webp,311x1025,4펭수_4빗.webp,667x1089,4펭수_5펭수 리본.webp,1586x855,4펭수_6펭수 모자.webp,1599x1263,4펭수_7수저.webp,905x1513
92,5펭수_할로윈.webp,5펭수_1열쇠.webp,939x229,5펭수_2창문.webp,2070x238,5펭수_3클로버.webp,1892x471,5펭수_4박쥐.webp,725x610,5펭수_5나무.webp,186x966,5펭수_6호박.webp,789x1322,5펭수_7장미.webp,1413x1695
93,6펭수_놀이터.webp,6펭수_1하트.webp,1597x253,6펭수_2구름.webp,2157x155,6펭수_3펭수_노란색.webp,1260x633,6펭수_4펭수_해바라기.webp,757x1243,6펭수_5모래성.webp,1003x1667,6펭수_6자동차.webp,1397x1495,6펭수_7사과.webp,2187x1569
94,7펭수_tv.webp,7펭수_1양말.webp,149x243,7펭수_2우체통.webp,183x953,7펭수_3사과.webp,1535x535,7펭수_4물고기.webp,1475x973,7펭수_5크레파스.webp,2057x775,7펭수_6리본.webp,1271x1373,7펭수_해바라기.webp,1495x1542
95,8펭수_바닷속.webp,8펭수_1거품.webp,953x155,8펭수_2작은 물고기들.webp,1649x395,8펭수_3케이크.webp,0x953,8펭수_4오리.webp,412x1249,8펭수_5해초.webp,2020x994,8펭수_6조개.webp,1296x1809,8펭수_7미역.webp,2078x1753
96,9펭수_바닷가 드라이브.webp,9펭수_1갈매기.webp,1815x0,9펭수_2구름.webp,83x723,9펭수_3얼굴.webp,577x905,9펭수_4야구공.webp,1017x989,9펭수_5음표.webp,1911x591,9펭수_6삽.webp,655x1797,9펭수_7바닥선.webp,1661x1705
97,10펭수_로봇.webp,10펭수_1안테나.webp,483x91,10펭수_2해바라기.webp,957x293,10펭수_3낙서.webp,1255x361,10펭수_4시계.webp,971x995,10펭수_5펭수_턱받이.webp,141x1243,10펭수_6어깨관절.webp,391x1757,10펭수_7로고.webp,1731x1845
98,11펭수_피아노.webp,11펭수_1별.webp,61x0,11펭수_2악보.webp,1163x236,11펭수_3마이크.webp,393x688,11펭수_4배경 오른쪽.webp,2112x632,11펭수_5배경 오른쪽아래.webp,1795x1245,11펭수_6펭수 다리.webp,831x1747,11펭수_7헤드셋 로고.webp,227x1435
99,12펭수_건물앞.webp,12펭수_1창문 소.webp,116x0,12펭수_2벽.webp,1352x442,12펭수_3눈.webp,46x1018,12펭수_4창문 대.webp,1319x987,12펭수_5펭수 턱받이.webp,490x1426,12펭수_6펭수 미역.webp,1526x1357,12펭수_7펭수 머리.webp,2189x1277
100,13펭수_버스.webp,13펭수_1달.webp,425x87,13펭수_2건물.webp,2127x253,13펭수_3버스_.webp,1609x669,13펭수_4펭수 노란 티셔츠.webp,1077x927,13펭수_5우산.webp,0x1091,13펭수_6버스 문.webp,857x1701,13펭수_7오리.webp,1707x1615
101,1펭수_어린이집.webp,1펭수_1곰인형.webp,33x812,1펭수_2딸기.webp,984x249,1펭수_3깃발.webp,1748x610,1펭수_4그림.webp,2095x817,1펭수_5펭수 리본.webp,1805x1106,1펭수_6공.webp,1540x1610,1펭수_7펭수 뒤.webp,539x1372
102,2펭수_편의점.webp,2펭수_1물고기.webp,0x31,2펭수_2구름.webp,1170x243,2펭수_3칫솔.webp,1657x571,2펭수_4펭수 잠옷.webp,36x1051,2펭수_5해바라기.webp,1170x1013,2펭수_6꽃.webp,2272x1397,2펭수_7오리.webp,934x1327
103,3펭수_북극.webp,3펭수_1바나나.webp,469x115,3펭수_2눈.webp,1377x367,3펭수_3딸기쨈.webp,2115x869,3펭수_4펭수 턱받이.webp,209x1050,3펭수_5눈사람.webp,1131x1233,3펭수_6컵.webp,2139x1617,3펭수_7태엽 자동차.webp,735x1813
104,4펭수_캠핑.webp,4펭수_1별.webp,0x20,4펭수_2북극성.webp,2105x175,4펭수_3벌.webp,311x1025,4펭수_4빗.webp,667x1089,4펭수_5펭수 리본.webp,1586x855,4펭수_6펭수 모자.webp,1599x1263,4펭수_7수저.webp,905x1513
105,5펭수_할로윈.webp,5펭수_1열쇠.webp,939x229,5펭수_2창문.webp,2070x238,5펭수_3클로버.webp,1892x471,5펭수_4박쥐.webp,725x610,5펭수_5나무.webp,186x966,5펭수_6호박.webp,789x1322,5펭수_7장미.webp,1413x1695
106,6펭수_놀이터.webp,6펭수_1하트.webp,1597x253,6펭수_2구름.webp,2157x155,6펭수_3펭수_노란색.webp,1260x633,6펭수_4펭수_해바라기.webp,757x1243,6펭수_5모래성.webp,1003x1667,6펭수_6자동차.webp,1397x1495,6펭수_7사과.webp,2187x1569
107,7펭수_tv.webp,7펭수_1양말.webp,149x243,7펭수_2우체통.webp,183x953,7펭수_3사과.webp,1535x535,7펭수_4물고기.webp,1475x973,7펭수_5크레파스.webp,2057x775,7펭수_6리본.webp,1271x1373,7펭수_해바라기.webp,1495x1542
108,8펭수_바닷속.webp,8펭수_1거품.webp,953x155,8펭수_2작은 물고기들.webp,1649x395,8펭수_3케이크.webp,0x953,8펭수_4오리.webp,412x1249,8펭수_5해초.webp,2020x994,8펭수_6조개.webp,1296x1809,8펭수_7미역.webp,2078x1753
109,9펭수_바닷가_드라이브.webp,9펭수_1갈매기.webp,1815x0,9펭수_2구름.webp,83x723,9펭수_3얼굴.webp,577x905,9펭수_4야구공.webp,1017x989,9펭수_5음표.webp,1911x591,9펭수_6삽.webp,655x1797,9펭수_7바닥선.webp,1661x1705
110,10펭수_로봇.webp,10펭수_1안테나.webp,483x91,10펭수_2해바라기.webp,957x293,10펭수_3낙서.webp,1255x361,10펭수_4시계.webp,971x995,10펭수_5펭수_턱받이.webp,141x1243,10펭수_6어깨관절.webp,391x1757,10펭수_7로고.webp,1731x1845
111,11펭수_피아노.webp,11펭수_1별.webp,61x0,11펭수_2악보.webp,1163x236,11펭수_3마이크.webp,393x688,11펭수_4배경 오른쪽.webp,2112x632,11펭수_5배경 오른쪽아래.webp,1795x1245,11펭수_6펭수 다리.webp,831x1747,11펭수_7헤드셋 로고.webp,227x1435
112,12펭수_건물앞.webp,12펭수_1창문 소.webp,116x0,12펭수_2벽.webp,1352x442,12펭수_3눈.webp,46x1018,12펭수_4창문 대.webp,1319x987,12펭수_5펭수 턱받이.webp,490x1426,12펭수_6펭수 미역.webp,1526x1357,12펭수_7펭수 머리.webp,2189x1277
113,13펭수_버스.webp,13펭수_1달.webp,425x87,13펭수_2건물.webp,2127x253,13펭수_3버스_.webp,1609x669,13펭수_4펭수 노란 티셔츠.webp,1077x927,13펭수_5우산.webp,0x1091,13펭수_6버스 문.webp,857x1701,13펭수_7오리.webp,1707x1615
114,14펭수_기차.webp,14펭수_1리본.webp,955x301,14펭수_2철골.webp,2057x217,14펭수_3조종석.webp,398x754,14펭수_4좌석.webp,1501x926,14펭수_5좌석.webp,2190x973,14펭수_6양말.webp,293x1775,14펭수_7곰인형.webp,1732x1679
115,15펭수_공룡.webp,15펭수_1갈매기.webp,1556x59,15펭수_2펭수 해바라기.webp,0x481,15펭수_3오렌지.webp,752x757,15펭수_4야자수.webp,1744x989,15펭수_5모종삽.webp,1529x1297,15펭수_6테니스공.webp,897x1597,15펭수_7꽃.webp,457x1821
116,16펭수_달.webp,16펭수_1리본.webp,368x0,16펭수_2큰별.webp,1928x157,16펭수_3작은 별들.webp,0x545,16펭수_4열쇠.webp,528x970,16펭수_5장미.webp,1275x559,16펭수_6오리.webp,1423x1652,16펭수_7사탕.webp,1044x1741
117,17펭수_비행기.webp,17펭수_1루돌프.webp,367x93,17펭수_2헤그셋.webp,879x433,17펭수_3별.webp,1339x121,17펭수_4알파벳.webp,1611x213,17펭수_5구름.webp,1997x965,17펭수_6기구.webp,1595x1327,17펭수_7구름.webp,643x1617
118,18펭수_과자집.webp,18펭수_1프레첼.webp,1020x74,18펭수_2지붕.webp,1616x483,18펭수_3홍조.webp,540x689,18펭수_4딸기.webp,196x1029,18펭수_5계란초콜릿.webp,26x1413,18펭수_6롤케이크.webp,896x1467,18펭수_7비스켓.webp,2023x1197
119,19펭수_크리스마스.webp,19펭수_1모자.webp,1293x285,19펭수_2벽지.webp,2192x0,19펭수_3리본.webp,821x694,19펭수_4방울.webp,73x870,19펭수_5발.webp,402x1648,19펭수_6단추.webp,1205x1470,19펭수_7곰인형.webp,1765x1470
120,20펭수_등굣길.webp,20펭수_1선그라스.webp,279x259,20펭수_2건물 모서리.webp,1993x0,20펭수_3낙서.webp,1169x760,20펭수_4캔음료수.webp,505x1372,20펭수_5슬리퍼.webp,1003x1540,20펭수_6신발.webp,1757x1484,20펭수_7높은음자리.webp,2063x1156
121,21펭수_휴가.webp,21펭수_1구름.webp,1964x411,21펭수_2파인애플 무늬.webp,1017x726,21펭수_3꽃.webp,612x641,21펭수_4하트.webp,1029x1050,21펭수_5하트 무늬.webp,1786x1310,21펭수_6후드티.webp,915x1798,21펭수_7오른팔.webp,0x1476
122,22펭수_기차여행.webp,22펭수_1천장.webp,0x0,22펭수_2헤어.webp,759x401,22펭수_3줄무늬.webp,349x739,22펭수_4주머니.webp,615x1050,22펭수_5꽃.webp,1747x603,22펭수_6꽃무늬.webp,1260x1391,22펭수_7책.webp,1111x1881
123,23펭수_헬스장.webp,23펭수_1천장.webp,498x0,23펭수_2창문.webp,252x729,23펭수_3왼팔.webp,1785x899,23펭수_4바람개비.webp,2306x1159,23펭수_5바닥.webp,689x1650,23펭수_6옷무늬.webp,343x1659,23펭수_7아령.webp,2042x1910
124,24펭수_화성탐사.webp,24펭수_1로봇 머리.webp,1194x453,24펭수_2바위.webp,0x875,24펭수_3빵.webp,556x1219,24펭수_4낙서.webp,1382x1119,24펭수_5돌.webp,88x1767,24펭수_6풀.webp,957x1571,24펭수_7단추.webp,1976x1619
125,25펭수_코끼리꿈.webp,25펭수_1흰꽃.webp,1260x43,25펭수_2벌.webp,1834x99,25펭수_3코주름.webp,1673x659,25펭수_4꽃주름.webp,377x787,25펭수_5별.webp,89x953,25펭수_6노란꽃.webp,787x1629,25펭수_7피크닉가방.webp,1581x1653
126,26펭수_거실.webp,26펭수_1음표.webp,248x606,26펭수_2구름.webp,514x603,26펭수_3머리장식.webp,1349x695,26펭수_4별.webp,1819x729,26펭수_5아이스크림.webp,41x1699,26펭수_6책.webp,785x1290,26펭수_7치마주름.webp,1700x1573
127,27펭수_병원.webp,27펭수_1파티깃발.webp,0x0,27펭수_2기계.webp,702x741,27펭수_3폭죽.webp,1706x790,27펭수_4리본.webp,1440x1224,27펭수_5파인애플.webp,105x1450,27펭수_6고깔모자.webp,1858x1651,27펭수_7귤.webp,2218x1756
128,28펭수_거북이.webp,28펭수_1나뭇잎.webp,1955x61,28펭수_2거북이등 무늬.webp,1077x795,28펭수_3물방울.webp,425x837,28펭수_4물.webp,0x1591,28펭수_5병아리.webp,655x1497,28펭수_6무늬.webp,1260x1201,28펭수_7나무주름.webp,2269x1451
129,29펭수_겨울.webp,29펭수_1눈꽃 소.webp,601x155,29펭수_2눈꽃 대.webp,1699x169,29펭수_3목도리 주름.webp,399x971,29펭수_4붕어빵.webp,1883x839,29펭수_5스웨터.webp,2139x1153,29펭수_6물고기.webp,905x1703,29펭수_7물방울.webp,371x1745
130,30펭수_잡화점.webp,30펭수_1음표.webp,341x0,30펭수_2새.webp,1999x324,30펭수_3모서리.webp,1182x318,30펭수_4차양막.webp,0x788,30펭수_5사탕.webp,193x1432,30펭수_6베이비펭수.webp,1144x1373,30펭수_7선물상자.webp,2240x1613
131,31펭수_초승달.webp,31펭수_1하늘.webp,0x100,31펭수_2달.webp,1108x198,31펭수_3하늘.webp,2032x306,31펭수_4꽃.webp,1610x852,31펭수_5산.webp,422x940,31펭수_6모자.webp,1396x1346,31펭수_7무늬.webp,386x1662
132,32펭수_바다.webp,32펭수_1돌고래.webp,0x807,32펭수_2하트무늬.webp,427x957,32펭수_3파도.webp,1237x795,32펭수_4야자수.webp,2210x702,32펭수_5파도.webp,31x1707,32펭수_6옷무늬.webp,546x1795,32펭수_7튜브.webp,2114x1915
133,33펭수_신전.webp,33펭수_1구름.webp,0x35,33펭수_2신전 벽.webp,1216x394,33펭수_3신전 기둥.webp,1893x687,33펭수_4신전 바닥.webp,705x882,33펭수_5훈장.webp,2179x1303,33펭수_6무늬.webp,387x1362,33펭수_7벽.webp,180x1857
134,34펭수_배.webp,34펭수_1갈매기.webp,1947x116,34펭수_2상어옷.webp,1829x614,34펭수_3무지개.webp,665x797,34펭수_4창문.webp,474x1187,34펭수_5리본.webp,1215x1432,34펭수_6물결.webp,2251x1633,34펭수_7구명조끼.webp,792x1822
135,35펭수_이집트.webp,35펭수_1곰방대.webp,2183x181,35펭수_2풀.webp,847x349,35펭수_3구름.webp,245x653,35펭수_4꽃.webp,1437x659,35펭수_5깃털.webp,925x1251,35펭수_6벽.webp,1983x1669,35펭수_7연필.webp,573x1811
136,36펭수_태국.webp,36펭수_1탑.webp,1130x0,36펭수_2구름.webp,204x4,36펭수_3구름.webp,1700x374,36펭수_4지붕.webp,1240x840,36펭수_5우산.webp,1934x1282,36펭수_6기둥.webp,772x1378,36펭수_7꽃무늬.webp,1160x1656
137,37펭수_온천.webp,37펭수_1구름.webp,938x145,37펭수_2나무.webp,0x423,37펭수_3숲.webp,1564x677,37펭수_4물가.webp,1688x1061,37펭수_5물결.webp,722x1195,37펭수_6돌.webp,0x1663,37펭수_7꽃.webp,1309x1773
138,38펭수_동굴.webp,38펭수_1천장.webp,259x0,38펭수_2바위.webp,1153x665,38펭수_3벽.webp,1927x841,38펭수_4풀.webp,157x1052,38펭수_5바닥.webp,886x1372,38펭수_6카메라.webp,1389x1854,38펭수_7풀.webp,297x1741
139,39펭수_옥수수.webp,39펭수_1옥수수.webp,377x314,39펭수_2옥수수.webp,1215x82,39펭수_3옥수수.webp,2007x362,39펭수_4옥수수.webp,2086x1299,39펭수_5껍질.webp,1830x1744,39펭수_6껍질.webp,870x1136,39펭수_7옥수수.webp,300x1518
140,40펭수_레몬.webp,40펭수_1레몬.webp,0x740,40펭수_2레몬.webp,285x297,40펭수_3레몬.webp,857x913,40펭수_4잎사귀.webp,1631x125,40펭수_5잎사귀.webp,2217x1027,40펭수_6레몬.webp,1785x1479,40펭수_7레몬.webp,788x1731
141,41펭수_블루베리.webp,41펭수_1블루베리.webp,1260x97,41펭수_2블루벨리.webp,483x293,41펭수_3블루베리.webp,0x959,41펭수_4주머니.webp,743x1469,41펭수_5블루베리.webp,1303x1050,41펭수_6블루베리.webp,2029x1043,41펭수_7블루베리.webp,1981x1459
142,42펭수_호주캠핑.webp,42펭수_1나무.webp,2181x491,42펭수_2나무.webp,1209x761,42펭수_3산.webp,681x435,42펭수_4나무.webp,0x977,42펭수_5돌.webp,191x1669,42펭수_6바닥.webp,1141x1603,42펭수_7돌.webp,1993x1711
143,43펭수_우주.webp,43펭수_1모니터.webp,225x585,43펭수_2별무리.webp,935x463,43펭수_3콘솔.webp,1755x95,43펭수_4창문.webp,2049x719,43펭수_5그림자.webp,1345x1653,43펭수_6창문.webp,781x1435,43펭수_7전선.webp,0x1671
144,44펭수_소금사막.webp,44펭수_1구름.webp,187x0,44펭수_2바위.webp,1205x262,44펭수_3펭수.webp,181x916,44펭수_4산.webp,2188x822,44펭수_5바위.webp,1687x1185,44펭수_6그림자.webp,773x1643,44펭수_7그림자.webp,1775x1735
145,45펭수_물.webp,45펭수_1물방울.webp,599x0,45펭수_2아이스바.webp,2200x0,45펭수_3하트.webp,1459x775,45펭수_4물줄기.webp,555x969,45펭수_5가방.webp,2061x1125,45펭수_6물거품.webp,1487x1319,45펭수_7물줄기.webp,1013x1732
146,46펭수_꽃.webp,46펭수_1꽃망울.webp,577x41,46펭수_2꽃잎.webp,1649x147,46펭수_3꽃망울.webp,1260x639,46펭수_4꽃잎.webp,285x845,46펭수_5꽃잎.webp,2287x1195,46펭수_6꽃잎.webp,379x1515,46펭수_7꽃망울.webp,989x1737
147,47펭수_달탐사.webp,47펭수_1지구.webp,202x531,47펭수_2지구.webp,729x268,47펭수_3주머니.webp,606x1267,47펭수_4월면차.webp,1161x1056,47펭수_5달.webp,2041x1061,47펭수_6달.webp,1667x1727,47펭수_7달.webp,518x1824
148,48펭수_등대.webp,48펭수_1구름.webp,0x303,48펭수_2갈매기.webp,963x0,48펭수_3구름.webp,2181x473,48펭수_4물결.webp,2177x1228,48펭수_5파도.webp,1209x1238,48펭수_6돌.webp,581x1232,48펭수_7돌.webp,1853x1881
149,49펭수_산토리니.webp,49펭수_1물결.webp,0x939,49펭수_2절벽.webp,405x607,49펭수_3건물.webp,967x751,49펭수_4문.webp,2145x413,49펭수_5건물.webp,787x1181,49펭수_6난간.webp,313x1848,49펭수_7무늬.webp,1943x1746
150,50펭수_밤하늘.webp,50펭수_1별무리.webp,456x42,50펭수_2별무리.webp,1903x137,50펭수_3별무리.webp,1367x690,50펭수_4별무리.webp,505x717,50펭수_5나무.webp,0x1266,50펭수_6산능선.webp,824x1796,50펭수_7별무리.webp,2091x1406
151,51펭수_녹음실.webp,51펭수_1벽.webp,1723x123,51펭수_2창문.webp,2163x563,51펭수_3모니터.webp,1115x901,51펭수_4창문.webp,647x677,51펭수_5스피커.webp,97x1043,51펭수_6단추.webp,583x1947,51펭수_7바닥.webp,1665x1831
152,52펭수_들판.webp,52펭수_1구름.webp,0x129,52펭수_2구름.webp,1897x292,52펭수_3나무.webp,2109x763,52펭수_4나무.webp,1155x661,52펭수_5들판.webp,224x1007,52펭수_6꽃.webp,466x1453,52펭수_7꽃.webp,1211x1697
153,53펭수_설날.webp,53펭수_1나뭇가지.webp,2186x226,53펭수_2나뭇가지.webp,882x646,53펭수_3나뭇가지.webp,245x527,53펭수_4바닥.webp,508x1473,53펭수_5제기.webp,893x1602,53펭수_6바닥.webp,1633x1395,53펭수_7무늬.webp,2233x1152
154,54펭수_산장.webp,54펭수_1천장.webp,1939x0,54펭수_2산.webp,163x328,54펭수_3나무.webp,0x738,54펭수_4나무.webp,804x765,54펭수_5창문.webp,1835x866,54펭수_6돌.webp,1252x1657,54펭수_7돌.webp,249x1787
155,55펭수_순례길.webp,55펭수_1산.webp,0x209,55펭수_2산.webp,663x281,55펭수_3건물.webp,1735x257,55펭수_4나무.webp,0x649,55펭수_5꽃.webp,1656x850,55펭수_6풀.webp,270x1144,55펭수_7바닥.webp,792x1614
156,56펭수_수족관.webp,56펭수_1액자.webp,2173x245,56펭수_2산호초.webp,2207x567,56펭수_3물고기.webp,1123x881,56펭수_4물고기.webp,723x635,56펭수_5유리병.webp,0x417,56펭수_6치마.webp,491x1545,56펭수_7바닥.webp,1875x1699
157,57펭수_자동차 정비소.webp,57펭수_1벽.webp,1373x0,57펭수_2선반.webp,57x290,57펭수_3창문.webp,775x826,57펭수_4창문.webp,1989x740,57펭수_5자동차.webp,757x1408,57펭수_6바닥.webp,0x1882,57펭수_7양동이.webp,2231x1818
158,58펭수_팝콘.webp,58펭수_1별.webp,318x0,58펭수_2벽돌.webp,1938x0,58펭수_3간판.webp,1078x389,58펭수_4창문.webp,0x675,58펭수_5팝콘.webp,1748x1071,58펭수_6벽.webp,1090x1317,58펭수_7바닥.webp,0x1759
159,59펭수_나비.webp,59펭수_1별.webp,320x0,59펭수_2나비.webp,771x460,59펭수_3풀.webp,2x1527,59펭수_4튤립.webp,356x1546,59펭수_5클로버.webp,1297x1828,59펭수_6벌.webp,1484x1252,59펭수_7노란꽃.webp,2264x1564
160,60펭수_빨간망토.webp,60펭수_1새.webp,187x421,60펭수_2마차.webp,286x1267,60펭수_3버섯.webp,559x1636,60펭수_4달.webp,810x373,60펭수_5나무.webp,1311x1360,60펭수_6나무그루터기.webp,1848x1408,60펭수_7장미.webp,2105x1762
161,61펭수_꽃가게.webp,61펭수_1딸기.webp,150x1651,61펭수_2꽃.webp,219x739,61펭수_3펭수.webp,1101x1447,61펭수_4딸기.webp,1482x820,61펭수_5열매.webp,1611x0,61펭수_6과자.webp,1836x1660,61펭수_7딸기펭수.webp,1935x1192
162,62펭수_사탕.webp,62펭수_1화분.webp,570x1208,62펭수_2빙수.webp,1011x1683,62펭수_3사탕.webp,1191x135,62펭수_4술병.webp,1482x1464,62펭수_5알.webp,0x1704,62펭수_6나비.webp,1791x168,62펭수_7하트.webp,2146x1611
163,63펭수_눈썰매.webp,63펭수_1곤돌라.webp,0x417,63펭수_2통.webp,177x1191,63펭수_3눈사람.webp,927x1731,63펭수_4나무.webp,1035x501,63펭수_5눈덩이.webp,1662x984,63펭수_6풍선.webp,2211x30,63펭수_7삽.webp,2271x1092
164,64펭수_힙합.webp,64펭수_1달.webp,1638x48,64펭수_2음악소리.webp,1932x1440,64펭수_3스피커.webp,2268x1575,64펭수_4이퀄라이즈.webp,2271x129,64펭수_5별.webp,0x753,64펭수_6보드.webp,1386x1287,64펭수_7판.webp,1524x1812
165,65펭수_겨울.webp,65펭수_1펭수.webp,1854x1020,65펭수_2붕어빵.webp,0x1305,65펭수_3방울.webp,27x564,65펭수_4북극곰.webp,405x993,65펭수_5삽.webp,588x1245,65펭수_6티포트.webp,675x1866,65펭수_7바께스.webp,1380x1710
166,66펭수_요정마을.webp,66펭수_1유니콘.webp,2159x1131,66펭수_2펭수.webp,243x1290,66펭수_3새.webp,339x63,66펭수_4양.webp,430x516,66펭수_5방울.webp,456x1005,66펭수_6별달.webp,1092x0,66펭수_7낮잠펭수.webp,1848x630
167,67펭수_아가방.webp,67펭수_1장식.webp,2196x345,67펭수_2공.webp,249x24,67펭수_3로봇.webp,294x390,67펭수_4블럭.webp,426x885,67펭수_5기차.webp,657x1362,67펭수_6그림.webp,669x588,67펭수_7곰.webp,1602x375
168,68펭수_농장.webp,68펭수_1기타.webp,21x798,68펭수_2바구니.webp,330x1806,68펭수_3음표.webp,2159x1104,68펭수_4토끼.webp,1005x1218,68펭수_5펭수.webp,561x564,68펭수_6호박.webp,2325x690,68펭수_7집.webp,849x411
169,69펭수_핑크방.webp,69펭수_1공.webp,204x1641,69펭수_2돌고래.webp,1614x591,69펭수_3발레슈즈.webp,1203x1869,69펭수_4벽장식.webp,1089x252,69펭수_5음표.webp,2145x822,69펭수_6케익.webp,1203x1125,69펭수_7펭수.webp,375x801
170,70펭수_등산.webp,70펭수_1구름.webp,840x585,70펭수_2기구.webp,297x2139,70펭수_3여권.webp,2067x1542,70펭수_4자전거.webp,54x705,70펭수_5짐.webp,72x1722,70펭수_6펭수.webp,540x810,70펭수_7표지판.webp,1260x1434
171,71펭수_꿀잠.webp,71펭수_1별.webp,1068x903,71펭수_2슬리퍼.webp,663x1860,71펭수_3시계.webp,2193x1470,71펭수_4양말.webp,2172x606,71펭수_5원형.webp,948x1599,71펭수_6인형.webp,135x1569,71펭수_7젖병.webp,675x1470
172,72펭수_상어.webp,72펭수_1가리비.webp,2046x1644,72펭수_2공.webp,1074x324,72펭수_3물고기.webp,1788x33,72펭수_4바람개비.webp,873x1077,72펭수_5불가사리.webp,1980x432,72펭수_6소라.webp,912x1668,72펭수_7화분.webp,1284x1155
173,73펭수_해저보물.webp,73펭수_1나침반.webp,987x459,73펭수_2물고기.webp,1944x33,73펭수_3물고기.webp,243x1074,73펭수_4물안경.webp,1593x552,73펭수_5물총.webp,1536x1161,73펭수_6자물쇠.webp,882x1326,73펭수_7조개.webp,915x1857
174,74펭수_물놀이.webp,74펭수_1갈매기.webp,1329x18,74펭수_2공.webp,639x1143,74펭수_3모래.webp,2220x1326,74펭수_4섬.webp,1599x447,74펭수_5열매.webp,105x48,74펭수_6음료.webp,993x1422,74펭수_7튜브.webp,2136x507
175,75펭수_휴양지.webp,75펭수_1꽃.webp,1632x0,75펭수_2삽.webp,759x1758,75펭수_3아이스크림.webp,873x807,75펭수_4칵테일.webp,1476x1245,75펭수_5크림그릇.webp,1401x1614,75펭수_6튜브.webp,1212x1113,75펭수_7펭수.webp,48x852
176,76펭수_어린이집.webp,76펭수_1공룡인형.webp,1695x1200,76펭수_2낙서그림.webp,237x351,76펭수_3로봇센서.webp,231x1566,76펭수_4블럭.webp,2139x1134,76펭수_5액자그림.webp,1497x459,76펭수_6태엽.webp,1128x960,76펭수_7테니스공.webp,1602x1662
177,77펭수_아기침실.webp,77펭수_1등.webp,2025x24,77펭수_2무지개.webp,1059x630,77펭수_3별.webp,2169x342,77펭수_4별장식.webp,597x123,77펭수_5성.webp,54x798,77펭수_6펭수.webp,1959x1311,77펭수_7펭수.webp,1434x1167
178,78펭수_산림욕.webp,78펭수_1나무가지.webp,904x1005,78펭수_2뱀.webp,2227x489,78펭수_3버섯.webp,649x1620,78펭수_4수풀.webp,0x1317,78펭수_5잎.webp,754x81,78펭수_6잡초.webp,1720x1722,78펭수_7참새.webp,1426x0
179,79펭수_딸기.webp,79펭수_1꽃.webp,153x567,79펭수_2딸기.webp,51x90,79펭수_3딸기꼭지.webp,1773x1566,79펭수_4씨앗.webp,1533x411,79펭수_5씨앗.webp,336x1113,79펭수_6접시딸기.webp,870x588,79펭수_7펭수.webp,1713x1104
180,80펭수_딸기요정.webp,80펭수_1곰.webp,2094x1185,80펭수_2꼬리.webp,1968x849,80펭수_3딸기.webp,337x1830,80펭수_4머리.webp,468x687,80펭수_5발.webp,0x1230,80펭수_6잎.webp,633x246,80펭수_7접시딸기.webp,986x951
181,81펭수_케이크뷔페.webp,81펭수_1과자.webp,567x1335,81펭수_2롤리팝.webp,2028x87,81펭수_3사과.webp,1716x0,81펭수_4사탕.webp,288x625,81펭수_5아이스크림.webp,1578x1650,81펭수_6젤리빈.webp,1491x1078,81펭수_7큰사탕.webp,33x1638
182,82펭수_케이크요정.webp,82펭수_1글자장식.webp,1587x1638,82펭수_2꽃.webp,522x684,82펭수_3눈.webp,291x207,82펭수_4딸기.webp,939x888,82펭수_5젤리빈.webp,174x1737,82펭수_6케익.webp,1074x1656,82펭수_7크레커.webp,1413x561
183,83펭수_크리스마스.webp,83펭수_1리본.webp,2094x249,83펭수_2막대사탕.webp,1518x1227,83펭수_3별.webp,1374x231,83펭수_4액자.webp,1899x662,83펭수_5열매.webp,444x963,83펭수_6장식공.webp,1407x819,83펭수_7초.webp,393x525
184,84펭수_산타.webp,84펭수_1눈사람.webp,2016x1752,84펭수_2모자끝.webp,624x417,84펭수_3방울.webp,1596x1074,84펭수_4별.webp,978x285,84펭수_5스케이트.webp,834x1935,84펭수_6양말.webp,42x720,84펭수_7잎.webp,2229x1167
185,85펭수_과일.webp,85펭수_1레몬.webp,2004x1386,85펭수_2열매.webp,402x1365,85펭수_3옷무늬.webp,99x597,85펭수_4코코넛.webp,228x1728,85펭수_5하트.webp,2346x261,85펭수_6해드폰.webp,570x129,85펭수_7허리.webp,1908x765
186,86펭수_미술관.webp,86펭수_1각인.webp,2025x0,86펭수_2단추.webp,1353x1746,86펭수_3머리핀.webp,1533x1266,86펭수_4붓.webp,2124x1920,86펭수_5액자.webp,144x615,86펭수_6응원봉.webp,576x1011,86펭수_7펜.webp,969x1467
187,87펭수_화가.webp,87펭수_1꽃.webp,1170x1153,87펭수_2못자국.webp,1603x1114,87펭수_3물감.webp,553x1465,87펭수_4물감.webp,2017x1462,87펭수_5붓.webp,157x787,87펭수_6창문.webp,847x364,87펭수_7큰붓.webp,889x1483
188,1펭수_어린이집.webp,1펭수_1곰인형.webp,33x812,1펭수_2딸기.webp,984x249,1펭수_3깃발.webp,1748x610,1펭수_4그림.webp,2095x817,1펭수_5펭수 리본.webp,1805x1106,1펭수_6공.webp,1540x1610,1펭수_7펭수 뒤.webp,539x1372
189,2펭수_편의점.webp,2펭수_1물고기.webp,0x31,2펭수_2구름.webp,1170x243,2펭수_3칫솔.webp,1657x571,2펭수_4펭수 잠옷.webp,36x1051,2펭수_5해바라기.webp,1170x1013,2펭수_6꽃.webp,2272x1397,2펭수_7오리.webp,934x1327
190,3펭수_북극.webp,3펭수_1바나나.webp,469x115,3펭수_2눈.webp,1377x367,3펭수_3딸기쨈.webp,2115x869,3펭수_4펭수 턱받이.webp,209x1050,3펭수_5눈사람.webp,1131x1233,3펭수_6컵.webp,2139x1617,3펭수_7태엽 자동차.webp,735x1813
191,4펭수_캠핑.webp,4펭수_1별.webp,0x20,4펭수_2북극성.webp,2105x175,4펭수_3벌.webp,311x1025,4펭수_4빗.webp,667x1089,4펭수_5펭수 리본.webp,1586x855,4펭수_6펭수 모자.webp,1599x1263,4펭수_7수저.webp,905x1513
192,5펭수_할로윈.webp,5펭수_1열쇠.webp,939x229,5펭수_2창문.webp,2070x238,5펭수_3클로버.webp,1892x471,5펭수_4박쥐.webp,725x610,5펭수_5나무.webp,186x966,5펭수_6호박.webp,789x1322,5펭수_7장미.webp,1413x1695
193,6펭수_놀이터.webp,6펭수_1하트.webp,1597x253,6펭수_2구름.webp,2157x155,6펭수_3펭수_노란색.webp,1260x633,6펭수_4펭수_해바라기.webp,757x1243,6펭수_5모래성.webp,1003x1667,6펭수_6자동차.webp,1397x1495,6펭수_7사과.webp,2187x1569
194,7펭수_tv.webp,7펭수_1양말.webp,149x243,7펭수_2우체통.webp,183x953,7펭수_3사과.webp,1535x535,7펭수_4물고기.webp,1475x973,7펭수_5크레파스.webp,2057x775,7펭수_6리본.webp,1271x1373,7펭수_해바라기.webp,1495x1542
195,8펭수_바닷속.webp,8펭수_1거품.webp,953x155,8펭수_2작은 물고기들.webp,1649x395,8펭수_3케이크.webp,0x953,8펭수_4오리.webp,412x1249,8펭수_5해초.webp,2020x994,8펭수_6조개.webp,1296x1809,8펭수_7미역.webp,2078x1753
196,9펭수_바닷가_드라이브.webp,9펭수_1갈매기.webp,1815x0,9펭수_2구름.webp,83x723,9펭수_3얼굴.webp,577x905,9펭수_4야구공.webp,1017x989,9펭수_5음표.webp,1911x591,9펭수_6삽.webp,655x1797,9펭수_7바닥선.webp,1661x1705
197,10펭수_로봇.webp,10펭수_1안테나.webp,483x91,10펭수_2해바라기.webp,957x293,10펭수_3낙서.webp,1255x361,10펭수_4시계.webp,971x995,10펭수_5펭수_턱받이.webp,141x1243,10펭수_6어깨관절.webp,391x1757,10펭수_7로고.webp,1731x1845
198,11펭수_피아노.webp,11펭수_1별.webp,61x0,11펭수_2악보.webp,1163x236,11펭수_3마이크.webp,393x688,11펭수_4배경 오른쪽.webp,2112x632,11펭수_5배경 오른쪽아래.webp,1795x1245,11펭수_6펭수 다리.webp,831x1747,11펭수_7헤드셋 로고.webp,227x1435
199,12펭수_건물앞.webp,12펭수_1창문 소.webp,116x0,12펭수_2벽.webp,1352x442,12펭수_3눈.webp,46x1018,12펭수_4창문 대.webp,1319x987,12펭수_5펭수 턱받이.webp,490x1426,12펭수_6펭수 미역.webp,1526x1357,12펭수_7펭수 머리.webp,2189x1277
200,13펭수_버스.webp,13펭수_1달.webp,425x87,13펭수_2건물.webp,2127x253,13펭수_3버스_.webp,1609x669,13펭수_4펭수 노란 티셔츠.webp,1077x927,13펭수_5우산.webp,0x1091,13펭수_6버스 문.webp,857x1701,13펭수_7오리.webp,1707x1615
201,1펭수_어린이집.webp,1펭수_1곰인형.webp,33x812,1펭수_2딸기.webp,984x249,1펭수_3깃발.webp,1748x610,1펭수_4그림.webp,2095x817,1펭수_5펭수 리본.webp,1805x1106,1펭수_6공.webp,1540x1610,1펭수_7펭수 뒤.webp,539x1372
202,2펭수_편의점.webp,2펭수_1물고기.webp,0x31,2펭수_2구름.webp,1170x243,2펭수_3칫솔.webp,1657x571,2펭수_4펭수 잠옷.webp,36x1051,2펭수_5해바라기.webp,1170x1013,2펭수_6꽃.webp,2272x1397,2펭수_7오리.webp,934x1327
203,3펭수_북극.webp,3펭수_1바나나.webp,469x115,3펭수_2눈.webp,1377x367,3펭수_3딸기쨈.webp,2115x869,3펭수_4펭수 턱받이.webp,209x1050,3펭수_5눈사람.webp,1131x1233,3펭수_6컵.webp,2139x1617,3펭수_7태엽 자동차.webp,735x1813
204,4펭수_캠핑.webp,4펭수_1별.webp,0x20,4펭수_2북극성.webp,2105x175,4펭수_3벌.webp,311x1025,4펭수_4빗.webp,667x1089,4펭수_5펭수 리본.webp,1586x855,4펭수_6펭수 모자.webp,1599x1263,4펭수_7수저.webp,905x1513
205,5펭수_할로윈.webp,5펭수_1열쇠.webp,939x229,5펭수_2창문.webp,2070x238,5펭수_3클로버.webp,1892x471,5펭수_4박쥐.webp,725x610,5펭수_5나무.webp,186x966,5펭수_6호박.webp,789x1322,5펭수_7장미.webp,1413x1695
206,6펭수_놀이터.webp,6펭수_1하트.webp,1597x253,6펭수_2구름.webp,2157x155,6펭수_3펭수_노란색.webp,1260x633,6펭수_4펭수_해바라기.webp,757x1243,6펭수_5모래성.webp,1003x1667,6펭수_6자동차.webp,1397x1495,6펭수_7사과.webp,2187x1569
207,7펭수_tv.webp,7펭수_1양말.webp,149x243,7펭수_2우체통.webp,183x953,7펭수_3사과.webp,1535x535,7펭수_4물고기.webp,1475x973,7펭수_5크레파스.webp,2057x775,7펭수_6리본.webp,1271x1373,7펭수_해바라기.webp,1495x1542
208,8펭수_바닷속.webp,8펭수_1거품.webp,953x155,8펭수_2작은 물고기들.webp,1649x395,8펭수_3케이크.webp,0x953,8펭수_4오리.webp,412x1249,8펭수_5해초.webp,2020x994,8펭수_6조개.webp,1296x1809,8펭수_7미역.webp,2078x1753
209,9펭수_바닷가_드라이브.webp,9펭수_1갈매기.webp,1815x0,9펭수_2구름.webp,83x723,9펭수_3얼굴.webp,577x905,9펭수_4야구공.webp,1017x989,9펭수_5음표.webp,1911x591,9펭수_6삽.webp,655x1797,9펭수_7바닥선.webp,1661x1705
210,10펭수_로봇.webp,10펭수_1안테나.webp,483x91,10펭수_2해바라기.webp,957x293,10펭수_3낙서.webp,1255x361,10펭수_4시계.webp,971x995,10펭수_5펭수_턱받이.webp,141x1243,10펭수_6어깨관절.webp,391x1757,10펭수_7로고.webp,1731x1845
211,11펭수_피아노.webp,11펭수_1별.webp,61x0,11펭수_2악보.webp,1163x236,11펭수_3마이크.webp,393x688,11펭수_4배경 오른쪽.webp,2112x632,11펭수_5배경 오른쪽아래.webp,1795x1245,11펭수_6펭수 다리.webp,831x1747,11펭수_7헤드셋 로고.webp,227x1435
212,12펭수_건물앞.webp,12펭수_1창문 소.webp,116x0,12펭수_2벽.webp,1352x442,12펭수_3눈.webp,46x1018,12펭수_4창문 대.webp,1319x987,12펭수_5펭수 턱받이.webp,490x1426,12펭수_6펭수 미역.webp,1526x1357,12펭수_7펭수 머리.webp,2189x1277
213,13펭수_버스.webp,13펭수_1달.webp,425x87,13펭수_2건물.webp,2127x253,13펭수_3버스_.webp,1609x669,13펭수_4펭수 노란 티셔츠.webp,1077x927,13펭수_5우산.webp,0x1091,13펭수_6버스 문.webp,857x1701,13펭수_7오리.webp,1707x1615
214,14펭수_기차.webp,14펭수_1리본.webp,955x301,14펭수_2철골.webp,2057x217,14펭수_3조종석.webp,398x754,14펭수_4좌석.webp,1501x926,14펭수_5좌석.webp,2190x973,14펭수_6양말.webp,293x1775,14펭수_7곰인형.webp,1732x1679
215,15펭수_공룡.webp,15펭수_1갈매기.webp,1556x59,15펭수_2펭수 해바라기.webp,0x481,15펭수_3오렌지.webp,752x757,15펭수_4야자수.webp,1744x989,15펭수_5모종삽.webp,1529x1297,15펭수_6테니스공.webp,897x1597,15펭수_7꽃.webp,457x1821
216,16펭수_달.webp,16펭수_1리본.webp,368x0,16펭수_2큰별.webp,1928x157,16펭수_3작은 별들.webp,0x545,16펭수_4열쇠.webp,528x970,16펭수_5장미.webp,1275x559,16펭수_6오리.webp,1423x1652,16펭수_7사탕.webp,1044x1741
217,17펭수_비행기.webp,17펭수_1루돌프.webp,367x93,17펭수_2헤그셋.webp,879x433,17펭수_3별.webp,1339x121,17펭수_4알파벳.webp,1611x213,17펭수_5구름.webp,1997x965,17펭수_6기구.webp,1595x1327,17펭수_7구름.webp,643x1617
218,18펭수_과자집.webp,18펭수_1프레첼.webp,1020x74,18펭수_2지붕.webp,1616x483,18펭수_3홍조.webp,540x689,18펭수_4딸기.webp,196x1029,18펭수_5계란초콜릿.webp,26x1413,18펭수_6롤케이크.webp,896x1467,18펭수_7비스켓.webp,2023x1197
219,19펭수_크리스마스.webp,19펭수_1모자.webp,1293x285,19펭수_2벽지.webp,2192x0,19펭수_3리본.webp,821x694,19펭수_4방울.webp,73x870,19펭수_5발.webp,402x1648,19펭수_6단추.webp,1205x1470,19펭수_7곰인형.webp,1765x1470
220,20펭수_등굣길.webp,20펭수_1선그라스.webp,279x259,20펭수_2건물 모서리.webp,1993x0,20펭수_3낙서.webp,1169x760,20펭수_4캔음료수.webp,505x1372,20펭수_5슬리퍼.webp,1003x1540,20펭수_6신발.webp,1757x1484,20펭수_7높은음자리.webp,2063x1156
221,21펭수_휴가.webp,21펭수_1구름.webp,1964x411,21펭수_2파인애플 무늬.webp,1017x726,21펭수_3꽃.webp,612x641,21펭수_4하트.webp,1029x1050,21펭수_5하트 무늬.webp,1786x1310,21펭수_6후드티.webp,915x1798,21펭수_7오른팔.webp,0x1476
222,22펭수_기차여행.webp,22펭수_1천장.webp,0x0,22펭수_2헤어.webp,759x401,22펭수_3줄무늬.webp,349x739,22펭수_4주머니.webp,615x1050,22펭수_5꽃.webp,1747x603,22펭수_6꽃무늬.webp,1260x1391,22펭수_7책.webp,1111x1881
223,23펭수_헬스장.webp,23펭수_1천장.webp,498x0,23펭수_2창문.webp,252x729,23펭수_3왼팔.webp,1785x899,23펭수_4바람개비.webp,2306x1159,23펭수_5바닥.webp,689x1650,23펭수_6옷무늬.webp,343x1659,23펭수_7아령.webp,2042x1910
224,24펭수_화성탐사.webp,24펭수_1로봇 머리.webp,1194x453,24펭수_2바위.webp,0x875,24펭수_3빵.webp,556x1219,24펭수_4낙서.webp,1382x1119,24펭수_5돌.webp,88x1767,24펭수_6풀.webp,957x1571,24펭수_7단추.webp,1976x1619
225,25펭수_코끼리꿈.webp,25펭수_1흰꽃.webp,1260x43,25펭수_2벌.webp,1834x99,25펭수_3코주름.webp,1673x659,25펭수_4꽃주름.webp,377x787,25펭수_5별.webp,89x953,25펭수_6노란꽃.webp,787x1629,25펭수_7피크닉가방.webp,1581x1653
226,26펭수_거실.webp,26펭수_1음표.webp,248x606,26펭수_2구름.webp,514x603,26펭수_3머리장식.webp,1349x695,26펭수_4별.webp,1819x729,26펭수_5아이스크림.webp,41x1699,26펭수_6책.webp,785x1290,26펭수_7치마주름.webp,1700x1573
227,27펭수_병원.webp,27펭수_1파티깃발.webp,0x0,27펭수_2기계.webp,702x741,27펭수_3폭죽.webp,1706x790,27펭수_4리본.webp,1440x1224,27펭수_5파인애플.webp,105x1450,27펭수_6고깔모자.webp,1858x1651,27펭수_7귤.webp,2218x1756
228,28펭수_거북이.webp,28펭수_1나뭇잎.webp,1955x61,28펭수_2거북이등 무늬.webp,1077x795,28펭수_3물방울.webp,425x837,28펭수_4물.webp,0x1591,28펭수_5병아리.webp,655x1497,28펭수_6무늬.webp,1260x1201,28펭수_7나무주름.webp,2269x1451
229,29펭수_겨울.webp,29펭수_1눈꽃 소.webp,601x155,29펭수_2눈꽃 대.webp,1699x169,29펭수_3목도리 주름.webp,399x971,29펭수_4붕어빵.webp,1883x839,29펭수_5스웨터.webp,2139x1153,29펭수_6물고기.webp,905x1703,29펭수_7물방울.webp,371x1745
230,30펭수_잡화점.webp,30펭수_1음표.webp,341x0,30펭수_2새.webp,1999x324,30펭수_3모서리.webp,1182x318,30펭수_4차양막.webp,0x788,30펭수_5사탕.webp,193x1432,30펭수_6베이비펭수.webp,1144x1373,30펭수_7선물상자.webp,2240x1613
231,31펭수_초승달.webp,31펭수_1하늘.webp,0x100,31펭수_2달.webp,1108x198,31펭수_3하늘.webp,2032x306,31펭수_4꽃.webp,1610x852,31펭수_5산.webp,422x940,31펭수_6모자.webp,1396x1346,31펭수_7무늬.webp,386x1662
232,32펭수_바다.webp,32펭수_1돌고래.webp,0x807,32펭수_2하트무늬.webp,427x957,32펭수_3파도.webp,1237x795,32펭수_4야자수.webp,2210x702,32펭수_5파도.webp,31x1707,32펭수_6옷무늬.webp,546x1795,32펭수_7튜브.webp,2114x1915
233,33펭수_신전.webp,33펭수_1구름.webp,0x35,33펭수_2신전 벽.webp,1216x394,33펭수_3신전 기둥.webp,1893x687,33펭수_4신전 바닥.webp,705x882,33펭수_5훈장.webp,2179x1303,33펭수_6무늬.webp,387x1362,33펭수_7벽.webp,180x1857
234,34펭수_배.webp,34펭수_1갈매기.webp,1947x116,34펭수_2상어옷.webp,1829x614,34펭수_3무지개.webp,665x797,34펭수_4창문.webp,474x1187,34펭수_5리본.webp,1215x1432,34펭수_6물결.webp,2251x1633,34펭수_7구명조끼.webp,792x1822
235,35펭수_이집트.webp,35펭수_1곰방대.webp,2183x181,35펭수_2풀.webp,847x349,35펭수_3구름.webp,245x653,35펭수_4꽃.webp,1437x659,35펭수_5깃털.webp,925x1251,35펭수_6벽.webp,1983x1669,35펭수_7연필.webp,573x1811
236,36펭수_태국.webp,36펭수_1탑.webp,1130x0,36펭수_2구름.webp,204x4,36펭수_3구름.webp,1700x374,36펭수_4지붕.webp,1240x840,36펭수_5우산.webp,1934x1282,36펭수_6기둥.webp,772x1378,36펭수_7꽃무늬.webp,1160x1656
237,37펭수_온천.webp,37펭수_1구름.webp,938x145,37펭수_2나무.webp,0x423,37펭수_3숲.webp,1564x677,37펭수_4물가.webp,1688x1061,37펭수_5물결.webp,722x1195,37펭수_6돌.webp,0x1663,37펭수_7꽃.webp,1309x1773
238,38펭수_동굴.webp,38펭수_1천장.webp,259x0,38펭수_2바위.webp,1153x665,38펭수_3벽.webp,1927x841,38펭수_4풀.webp,157x1052,38펭수_5바닥.webp,886x1372,38펭수_6카메라.webp,1389x1854,38펭수_7풀.webp,297x1741
239,39펭수_옥수수.webp,39펭수_1옥수수.webp,377x314,39펭수_2옥수수.webp,1215x82,39펭수_3옥수수.webp,2007x362,39펭수_4옥수수.webp,2086x1299,39펭수_5껍질.webp,1830x1744,39펭수_6껍질.webp,870x1136,39펭수_7옥수수.webp,300x1518
240,40펭수_레몬.webp,40펭수_1레몬.webp,0x740,40펭수_2레몬.webp,285x297,40펭수_3레몬.webp,857x913,40펭수_4잎사귀.webp,1631x125,40펭수_5잎사귀.webp,2217x1027,40펭수_6레몬.webp,1785x1479,40펭수_7레몬.webp,788x1731
241,41펭수_블루베리.webp,41펭수_1블루베리.webp,1260x97,41펭수_2블루벨리.webp,483x293,41펭수_3블루베리.webp,0x959,41펭수_4주머니.webp,743x1469,41펭수_5블루베리.webp,1303x1050,41펭수_6블루베리.webp,2029x1043,41펭수_7블루베리.webp,1981x1459
242,42펭수_호주캠핑.webp,42펭수_1나무.webp,2181x491,42펭수_2나무.webp,1209x761,42펭수_3산.webp,681x435,42펭수_4나무.webp,0x977,42펭수_5돌.webp,191x1669,42펭수_6바닥.webp,1141x1603,42펭수_7돌.webp,1993x1711
243,43펭수_우주.webp,43펭수_1모니터.webp,225x585,43펭수_2별무리.webp,935x463,43펭수_3콘솔.webp,1755x95,43펭수_4창문.webp,2049x719,43펭수_5그림자.webp,1345x1653,43펭수_6창문.webp,781x1435,43펭수_7전선.webp,0x1671
244,44펭수_소금사막.webp,44펭수_1구름.webp,187x0,44펭수_2바위.webp,1205x262,44펭수_3펭수.webp,181x916,44펭수_4산.webp,2188x822,44펭수_5바위.webp,1687x1185,44펭수_6그림자.webp,773x1643,44펭수_7그림자.webp,1775x1735
245,45펭수_물.webp,45펭수_1물방울.webp,599x0,45펭수_2아이스바.webp,2200x0,45펭수_3하트.webp,1459x775,45펭수_4물줄기.webp,555x969,45펭수_5가방.webp,2061x1125,45펭수_6물거품.webp,1487x1319,45펭수_7물줄기.webp,1013x1732
246,46펭수_꽃.webp,46펭수_1꽃망울.webp,577x41,46펭수_2꽃잎.webp,1649x147,46펭수_3꽃망울.webp,1260x639,46펭수_4꽃잎.webp,285x845,46펭수_5꽃잎.webp,2287x1195,46펭수_6꽃잎.webp,379x1515,46펭수_7꽃망울.webp,989x1737
247,47펭수_달탐사.webp,47펭수_1지구.webp,202x531,47펭수_2지구.webp,729x268,47펭수_3주머니.webp,606x1267,47펭수_4월면차.webp,1161x1056,47펭수_5달.webp,2041x1061,47펭수_6달.webp,1667x1727,47펭수_7달.webp,518x1824
248,48펭수_등대.webp,48펭수_1구름.webp,0x303,48펭수_2갈매기.webp,963x0,48펭수_3구름.webp,2181x473,48펭수_4물결.webp,2177x1228,48펭수_5파도.webp,1209x1238,48펭수_6돌.webp,581x1232,48펭수_7돌.webp,1853x1881
249,49펭수_산토리니.webp,49펭수_1물결.webp,0x939,49펭수_2절벽.webp,405x607,49펭수_3건물.webp,967x751,49펭수_4문.webp,2145x413,49펭수_5건물.webp,787x1181,49펭수_6난간.webp,313x1848,49펭수_7무늬.webp,1943x1746
250,50펭수_밤하늘.webp,50펭수_1별무리.webp,456x42,50펭수_2별무리.webp,1903x137,50펭수_3별무리.webp,1367x690,50펭수_4별무리.webp,505x717,50펭수_5나무.webp,0x1266,50펭수_6산능선.webp,824x1796,50펭수_7별무리.webp,2091x1406
251,51펭수_녹음실.webp,51펭수_1벽.webp,1723x123,51펭수_2창문.webp,2163x563,51펭수_3모니터.webp,1115x901,51펭수_4창문.webp,647x677,51펭수_5스피커.webp,97x1043,51펭수_6단추.webp,583x1947,51펭수_7바닥.webp,1665x1831
252,52펭수_들판.webp,52펭수_1구름.webp,0x129,52펭수_2구름.webp,1897x292,52펭수_3나무.webp,2109x763,52펭수_4나무.webp,1155x661,52펭수_5들판.webp,224x1007,52펭수_6꽃.webp,466x1453,52펭수_7꽃.webp,1211x1697
253,53펭수_설날.webp,53펭수_1나뭇가지.webp,2186x226,53펭수_2나뭇가지.webp,882x646,53펭수_3나뭇가지.webp,245x527,53펭수_4바닥.webp,508x1473,53펭수_5제기.webp,893x1602,53펭수_6바닥.webp,1633x1395,53펭수_7무늬.webp,2233x1152
254,54펭수_산장.webp,54펭수_1천장.webp,1939x0,54펭수_2산.webp,163x328,54펭수_3나무.webp,0x738,54펭수_4나무.webp,804x765,54펭수_5창문.webp,1835x866,54펭수_6돌.webp,1252x1657,54펭수_7돌.webp,249x1787
255,55펭수_순례길.webp,55펭수_1산.webp,0x209,55펭수_2산.webp,663x281,55펭수_3건물.webp,1735x257,55펭수_4나무.webp,0x649,55펭수_5꽃.webp,1656x850,55펭수_6풀.webp,270x1144,55펭수_7바닥.webp,792x1614
256,56펭수_수족관.webp,56펭수_1액자.webp,2173x245,56펭수_2산호초.webp,2207x567,56펭수_3물고기.webp,1123x881,56펭수_4물고기.webp,723x635,56펭수_5유리병.webp,0x417,56펭수_6치마.webp,491x1545,56펭수_7바닥.webp,1875x1699
257,57펭수_자동차 정비소.webp,57펭수_1벽.webp,1373x0,57펭수_2선반.webp,57x290,57펭수_3창문.webp,775x826,57펭수_4창문.webp,1989x740,57펭수_5자동차.webp,757x1408,57펭수_6바닥.webp,0x1882,57펭수_7양동이.webp,2231x1818
258,58펭수_팝콘.webp,58펭수_1별.webp,318x0,58펭수_2벽돌.webp,1938x0,58펭수_3간판.webp,1078x389,58펭수_4창문.webp,0x675,58펭수_5팝콘.webp,1748x1071,58펭수_6벽.webp,1090x1317,58펭수_7바닥.webp,0x1759
259,59펭수_나비.webp,59펭수_1별.webp,320x0,59펭수_2나비.webp,771x460,59펭수_3풀.webp,2x1527,59펭수_4튤립.webp,356x1546,59펭수_5클로버.webp,1297x1828,59펭수_6벌.webp,1484x1252,59펭수_7노란꽃.webp,2264x1564
260,60펭수_빨간망토.webp,60펭수_1새.webp,187x421,60펭수_2마차.webp,286x1267,60펭수_3버섯.webp,559x1636,60펭수_4달.webp,810x373,60펭수_5나무.webp,1311x1360,60펭수_6나무그루터기.webp,1848x1408,60펭수_7장미.webp,2105x1762
261,61펭수_꽃가게.webp,61펭수_1딸기.webp,150x1651,61펭수_2꽃.webp,219x739,61펭수_3펭수.webp,1101x1447,61펭수_4딸기.webp,1482x820,61펭수_5열매.webp,1611x0,61펭수_6과자.webp,1836x1660,61펭수_7딸기펭수.webp,1935x1192
262,62펭수_사탕.webp,62펭수_1화분.webp,570x1208,62펭수_2빙수.webp,1011x1683,62펭수_3사탕.webp,1191x135,62펭수_4술병.webp,1482x1464,62펭수_5알.webp,0x1704,62펭수_6나비.webp,1791x168,62펭수_7하트.webp,2146x1611
263,63펭수_눈썰매.webp,63펭수_1곤돌라.webp,0x417,63펭수_2통.webp,177x1191,63펭수_3눈사람.webp,927x1731,63펭수_4나무.webp,1035x501,63펭수_5눈덩이.webp,1662x984,63펭수_6풍선.webp,2211x30,63펭수_7삽.webp,2271x1092
264,64펭수_힙합.webp,64펭수_1달.webp,1638x48,64펭수_2음악소리.webp,1932x1440,64펭수_3스피커.webp,2268x1575,64펭수_4이퀄라이즈.webp,2271x129,64펭수_5별.webp,0x753,64펭수_6보드.webp,1386x1287,64펭수_7판.webp,1524x1812
265,65펭수_겨울.webp,65펭수_1펭수.webp,1854x1020,65펭수_2붕어빵.webp,0x1305,65펭수_3방울.webp,27x564,65펭수_4북극곰.webp,405x993,65펭수_5삽.webp,588x1245,65펭수_6티포트.webp,675x1866,65펭수_7바께스.webp,1380x1710
266,66펭수_요정마을.webp,66펭수_1유니콘.webp,2159x1131,66펭수_2펭수.webp,243x1290,66펭수_3새.webp,339x63,66펭수_4양.webp,430x516,66펭수_5방울.webp,456x1005,66펭수_6별달.webp,1092x0,66펭수_7낮잠펭수.webp,1848x630
267,67펭수_아가방.webp,67펭수_1장식.webp,2196x345,67펭수_2공.webp,249x24,67펭수_3로봇.webp,294x390,67펭수_4블럭.webp,426x885,67펭수_5기차.webp,657x1362,67펭수_6그림.webp,669x588,67펭수_7곰.webp,1602x375
268,68펭수_농장.webp,68펭수_1기타.webp,21x798,68펭수_2바구니.webp,330x1806,68펭수_3음표.webp,2159x1104,68펭수_4토끼.webp,1005x1218,68펭수_5펭수.webp,561x564,68펭수_6호박.webp,2325x690,68펭수_7집.webp,849x411
269,69펭수_핑크방.webp,69펭수_1공.webp,204x1641,69펭수_2돌고래.webp,1614x591,69펭수_3발레슈즈.webp,1203x1869,69펭수_4벽장식.webp,1089x252,69펭수_5음표.webp,2145x822,69펭수_6케익.webp,1203x1125,69펭수_7펭수.webp,375x801
270,70펭수_등산.webp,70펭수_1구름.webp,840x585,70펭수_2기구.webp,297x2139,70펭수_3여권.webp,2067x1542,70펭수_4자전거.webp,54x705,70펭수_5짐.webp,72x1722,70펭수_6펭수.webp,540x810,70펭수_7표지판.webp,1260x1434
271,71펭수_꿀잠.webp,71펭수_1별.webp,1068x903,71펭수_2슬리퍼.webp,663x1860,71펭수_3시계.webp,2193x1470,71펭수_4양말.webp,2172x606,71펭수_5원형.webp,948x1599,71펭수_6인형.webp,135x1569,71펭수_7젖병.webp,675x1470
272,72펭수_상어.webp,72펭수_1가리비.webp,2046x1644,72펭수_2공.webp,1074x324,72펭수_3물고기.webp,1788x33,72펭수_4바람개비.webp,873x1077,72펭수_5불가사리.webp,1980x432,72펭수_6소라.webp,912x1668,72펭수_7화분.webp,1284x1155
273,73펭수_해저보물.webp,73펭수_1나침반.webp,987x459,73펭수_2물고기.webp,1944x33,73펭수_3물고기.webp,243x1074,73펭수_4물안경.webp,1593x552,73펭수_5물총.webp,1536x1161,73펭수_6자물쇠.webp,882x1326,73펭수_7조개.webp,915x1857
274,74펭수_물놀이.webp,74펭수_1갈매기.webp,1329x18,74펭수_2공.webp,639x1143,74펭수_3모래.webp,2220x1326,74펭수_4섬.webp,1599x447,74펭수_5열매.webp,105x48,74펭수_6음료.webp,993x1422,74펭수_7튜브.webp,2136x507
275,75펭수_휴양지.webp,75펭수_1꽃.webp,1632x0,75펭수_2삽.webp,759x1758,75펭수_3아이스크림.webp,873x807,75펭수_4칵테일.webp,1476x1245,75펭수_5크림그릇.webp,1401x1614,75펭수_6튜브.webp,1212x1113,75펭수_7펭수.webp,48x852
276,76펭수_어린이집.webp,76펭수_1공룡인형.webp,1695x1200,76펭수_2낙서그림.webp,237x351,76펭수_3로봇센서.webp,231x1566,76펭수_4블럭.webp,2139x1134,76펭수_5액자그림.webp,1497x459,76펭수_6태엽.webp,1128x960,76펭수_7테니스공.webp,1602x1662
277,77펭수_아기침실.webp,77펭수_1등.webp,2025x24,77펭수_2무지개.webp,1059x630,77펭수_3별.webp,2169x342,77펭수_4별장식.webp,597x123,77펭수_5성.webp,54x798,77펭수_6펭수.webp,1959x1311,77펭수_7펭수.webp,1434x1167
278,78펭수_산림욕.webp,78펭수_1나무가지.webp,904x1005,78펭수_2뱀.webp,2227x489,78펭수_3버섯.webp,649x1620,78펭수_4수풀.webp,0x1317,78펭수_5잎.webp,754x81,78펭수_6잡초.webp,1720x1722,78펭수_7참새.webp,1426x0
279,79펭수_딸기.webp,79펭수_1꽃.webp,153x567,79펭수_2딸기.webp,51x90,79펭수_3딸기꼭지.webp,1773x1566,79펭수_4씨앗.webp,1533x411,79펭수_5씨앗.webp,336x1113,79펭수_6접시딸기.webp,870x588,79펭수_7펭수.webp,1713x1104
280,80펭수_딸기요정.webp,80펭수_1곰.webp,2094x1185,80펭수_2꼬리.webp,1968x849,80펭수_3딸기.webp,337x1830,80펭수_4머리.webp,468x687,80펭수_5발.webp,0x1230,80펭수_6잎.webp,633x246,80펭수_7접시딸기.webp,986x951
281,81펭수_케이크뷔페.webp,81펭수_1과자.webp,567x1335,81펭수_2롤리팝.webp,2028x87,81펭수_3사과.webp,1716x0,81펭수_4사탕.webp,288x625,81펭수_5아이스크림.webp,1578x1650,81펭수_6젤리빈.webp,1491x1078,81펭수_7큰사탕.webp,33x1638
282,82펭수_케이크요정.webp,82펭수_1글자장식.webp,1587x1638,82펭수_2꽃.webp,522x684,82펭수_3눈.webp,291x207,82펭수_4딸기.webp,939x888,82펭수_5젤리빈.webp,174x1737,82펭수_6케익.webp,1074x1656,82펭수_7크레커.webp,1413x561
283,83펭수_크리스마스.webp,83펭수_1리본.webp,2094x249,83펭수_2막대사탕.webp,1518x1227,83펭수_3별.webp,1374x231,83펭수_4액자.webp,1899x662,83펭수_5열매.webp,444x963,83펭수_6장식공.webp,1407x819,83펭수_7초.webp,393x525
284,84펭수_산타.webp,84펭수_1눈사람.webp,2016x1752,84펭수_2모자끝.webp,624x417,84펭수_3방울.webp,1596x1074,84펭수_4별.webp,978x285,84펭수_5스케이트.webp,834x1935,84펭수_6양말.webp,42x720,84펭수_7잎.webp,2229x1167
285,85펭수_과일.webp,85펭수_1레몬.webp,2004x1386,85펭수_2열매.webp,402x1365,85펭수_3옷무늬.webp,99x597,85펭수_4코코넛.webp,228x1728,85펭수_5하트.webp,2346x261,85펭수_6해드폰.webp,570x129,85펭수_7허리.webp,1908x765
286,86펭수_미술관.webp,86펭수_1각인.webp,2025x0,86펭수_2단추.webp,1353x1746,86펭수_3머리핀.webp,1533x1266,86펭수_4붓.webp,2124x1920,86펭수_5액자.webp,144x615,86펭수_6응원봉.webp,576x1011,86펭수_7펜.webp,969x1467
287,87펭수_화가.webp,87펭수_1꽃.webp,1170x1153,87펭수_2못자국.webp,1603x1114,87펭수_3물감.webp,553x1465,87펭수_4물감.webp,2017x1462,87펭수_5붓.webp,157x787,87펭수_6창문.webp,847x364,87펭수_7큰붓.webp,889x1483
288,1펭수_어린이집.webp,1펭수_1곰인형.webp,33x812,1펭수_2딸기.webp,984x249,1펭수_3깃발.webp,1748x610,1펭수_4그림.webp,2095x817,1펭수_5펭수 리본.webp,1805x1106,1펭수_6공.webp,1540x1610,1펭수_7펭수 뒤.webp,539x1372
289,2펭수_편의점.webp,2펭수_1물고기.webp,0x31,2펭수_2구름.webp,1170x243,2펭수_3칫솔.webp,1657x571,2펭수_4펭수 잠옷.webp,36x1051,2펭수_5해바라기.webp,1170x1013,2펭수_6꽃.webp,2272x1397,2펭수_7오리.webp,934x1327
290,3펭수_북극.webp,3펭수_1바나나.webp,469x115,3펭수_2눈.webp,1377x367,3펭수_3딸기쨈.webp,2115x869,3펭수_4펭수 턱받이.webp,209x1050,3펭수_5눈사람.webp,1131x1233,3펭수_6컵.webp,2139x1617,3펭수_7태엽 자동차.webp,735x1813
291,4펭수_캠핑.webp,4펭수_1별.webp,0x20,4펭수_2북극성.webp,2105x175,4펭수_3벌.webp,311x1025,4펭수_4빗.webp,667x1089,4펭수_5펭수 리본.webp,1586x855,4펭수_6펭수 모자.webp,1599x1263,4펭수_7수저.webp,905x1513
292,5펭수_할로윈.webp,5펭수_1열쇠.webp,939x229,5펭수_2창문.webp,2070x238,5펭수_3클로버.webp,1892x471,5펭수_4박쥐.webp,725x610,5펭수_5나무.webp,186x966,5펭수_6호박.webp,789x1322,5펭수_7장미.webp,1413x1695
293,6펭수_놀이터.webp,6펭수_1하트.webp,1597x253,6펭수_2구름.webp,2157x155,6펭수_3펭수_노란색.webp,1260x633,6펭수_4펭수_해바라기.webp,757x1243,6펭수_5모래성.webp,1003x1667,6펭수_6자동차.webp,1397x1495,6펭수_7사과.webp,2187x1569
294,7펭수_tv.webp,7펭수_1양말.webp,149x243,7펭수_2우체통.webp,183x953,7펭수_3사과.webp,1535x535,7펭수_4물고기.webp,1475x973,7펭수_5크레파스.webp,2057x775,7펭수_6리본.webp,1271x1373,7펭수_해바라기.webp,1495x1542
295,8펭수_바닷속.webp,8펭수_1거품.webp,953x155,8펭수_2작은 물고기들.webp,1649x395,8펭수_3케이크.webp,0x953,8펭수_4오리.webp,412x1249,8펭수_5해초.webp,2020x994,8펭수_6조개.webp,1296x1809,8펭수_7미역.webp,2078x1753
296,9펭수_바닷가_드라이브.webp,9펭수_1갈매기.webp,1815x0,9펭수_2구름.webp,83x723,9펭수_3얼굴.webp,577x905,9펭수_4야구공.webp,1017x989,9펭수_5음표.webp,1911x591,9펭수_6삽.webp,655x1797,9펭수_7바닥선.webp,1661x1705
297,10펭수_로봇.webp,10펭수_1안테나.webp,483x91,10펭수_2해바라기.webp,957x293,10펭수_3낙서.webp,1255x361,10펭수_4시계.webp,971x995,10펭수_5펭수_턱받이.webp,141x1243,10펭수_6어깨관절.webp,391x1757,10펭수_7로고.webp,1731x1845
298,11펭수_피아노.webp,11펭수_1별.webp,61x0,11펭수_2악보.webp,1163x236,11펭수_3마이크.webp,393x688,11펭수_4배경 오른쪽.webp,2112x632,11펭수_5배경 오른쪽아래.webp,1795x1245,11펭수_6펭수 다리.webp,831x1747,11펭수_7헤드셋 로고.webp,227x1435
299,12펭수_건물앞.webp,12펭수_1창문 소.webp,116x0,12펭수_2벽.webp,1352x442,12펭수_3눈.webp,46x1018,12펭수_4창문 대.webp,1319x987,12펭수_5펭수 턱받이.webp,490x1426,12펭수_6펭수 미역.webp,1526x1357,12펭수_7펭수 머리.webp,2189x1277
300,13펭수_버스.webp,13펭수_1달.webp,425x87,13펭수_2건물.webp,2127x253,13펭수_3버스_.webp,1609x669,13펭수_4펭수 노란 티셔츠.webp,1077x927,13펭수_5우산.webp,0x1091,13펭수_6버스 문.webp,857x1701,13펭수_7오리.webp,1707x1615
